merchant_id,device_serial_number,device_model,merchant_device_type,merchant_device_status,device_issue_date,last_service_date,branch_id,warranty_expiry,last_used_at,firmware_version
128,MD2455474664,Bharat QR Stand,QR,Active,2024-08-05,2026-03-11,12,2025-08-05,2026-07-22 16:50:14.296964,1.2.3
218,MD5872184914,PhonePe QR,QR,Blocked,2025-04-20,2025-12-13,18,2026-04-20,2026-07-21 16:50:14.296989,2.1.0
138,MD6572874582,Paytm QR,QR,Damaged,2021-02-02,2021-04-22,20,2023-02-02,2025-01-23 00:00:00.000000,2.1.0
218,MD1553351734,PhonePe QR,QR,Active,2021-10-27,2022-08-28,10,2023-10-27,2026-08-15 16:50:14.297012,1.1.0
146,MD7517489882,PAX A80,POS,Active,2024-08-21,2026-05-31,12,2026-08-21,2026-08-14 16:50:14.297025,1.1.0
106,MD6217696020,Ingenico AXIUM DX8000,POS,Inactive,2022-07-29,,20,2024-07-29,2022-09-01 00:00:00.000000,1.2.3
166,MD4124199226,PAX A80,POS,Active,2022-06-25,2024-02-16,15,2024-06-25,2026-08-14 16:50:14.297044,2.0.1
247,MD2317319514,Castles VEGA3000,POS,Active,2021-10-12,,18,2022-10-12,2026-07-19 16:50:14.297051,2.0.1
19,MD3363025385,Paytm Soundbox,SoundBox,Active,2026-04-24,2026-07-29,8,2027-04-24,2026-07-24 16:50:14.297060,1.2.3
83,MD5362140689,PAX A920,POS,Active,2026-06-09,2026-07-23,11,2029-06-09,2026-08-11 16:50:14.297067,3.0.0
1,MD4162141589,Castles VEGA3000,POS,Under Maintenance,2024-01-29,2025-08-21,19,2027-01-29,2026-08-09 16:50:14.297075,1.1.0
60,MD6328473018,PAX A920,POS,Active,2026-05-09,2026-07-29,14,2027-05-09,2026-08-11 16:50:14.297085,3.0.0
274,MD2876687611,PAX A80,POS,Active,2021-04-08,2023-03-31,4,2022-04-08,2026-08-05 16:50:14.297093,1.0.1
266,MD1685859651,PAX A920,POS,Active,2022-06-06,,8,2024-06-06,2026-07-23 16:50:14.297101,1.1.0
187,MD5355936604,PhonePe QR,QR,Active,2025-12-28,2026-06-18,1,2027-12-28,2026-08-11 16:50:14.297111,2.0.1
197,MD4814769241,Pine Labs QR,QR,Active,2022-05-27,2025-10-03,13,2023-05-27,2026-07-16 16:50:14.297119,1.2.3
106,MD1020514097,PhonePe SmartSpeaker,SoundBox,Active,2024-02-14,2024-05-20,7,2025-02-14,2026-07-26 16:50:14.297127,2.3.1
300,MD1377758028,Verifone mPOS,mPOS,Blocked,2022-05-13,2026-03-09,7,2024-05-13,2026-07-17 16:50:14.297136,1.0.1
194,MD1581139371,PhonePe SmartSpeaker,SoundBox,Active,2022-08-07,2024-01-14,3,2024-08-07,2026-07-30 16:50:14.297143,1.2.3
193,MD9866823831,Pine Labs QR,QR,Active,2022-12-06,2026-07-27,4,2025-12-06,2026-08-12 16:50:14.297152,2.3.1
136,MD3261830632,Paytm Soundbox,SoundBox,Inactive,2025-08-13,2026-03-25,4,2027-08-13,2025-10-11 00:00:00.000000,1.2.3
22,MD5715859989,BharatPe Soundbox,SoundBox,Active,2024-02-08,2025-12-18,1,2025-02-08,2026-08-11 16:50:14.297168,1.0.1
76,MD2466217869,Pine Labs mPOS,mPOS,Active,2022-08-15,2024-12-07,2,2025-08-15,2026-07-29 16:50:14.297176,2.0.1
56,MD5863192967,BharatPe QR,QR,Under Maintenance,2022-02-03,2023-09-27,2,2024-02-03,2026-08-08 16:50:14.297184,1.2.3
189,MD1328099360,BharatPe Soundbox,SoundBox,Active,2022-03-13,2026-04-02,6,2025-03-13,2026-07-19 16:50:14.297193,1.2.3
119,MD3251436230,PAX A80,POS,Active,2021-10-03,,12,2023-10-03,2026-08-15 16:50:14.297200,2.3.1
58,MD1026965497,PhonePe SmartSpeaker,SoundBox,Active,2025-08-20,2026-02-23,20,2026-08-20,2026-07-30 16:50:14.297208,2.1.0
113,MD6605297773,Ingenico AXIUM DX8000,POS,Active,2021-09-18,2022-08-16,12,2024-09-18,2026-08-06 16:50:14.297217,1.2.3
244,MD3458394689,Castles VEGA3000,POS,Inactive,2021-06-21,2024-06-06,11,2024-06-21,2023-07-22 00:00:00.000000,1.0.1
105,MD9832982313,Verifone V240m,POS,Active,2024-06-20,2024-10-19,8,2027-06-20,2026-08-15 16:50:14.297234,2.3.1
297,MD4820631574,Pine Labs Soundbox,SoundBox,Active,2024-09-29,,19,2027-09-29,2026-07-24 16:50:14.297243,1.0.1
266,MD1076476531,Pine Labs Soundbox,SoundBox,Active,2025-11-26,2026-03-23,1,2026-11-26,2026-07-20 16:50:14.297252,3.0.0
128,MD3487189440,Verifone V240m,POS,Active,2025-05-02,2025-08-11,9,2027-05-02,2026-08-13 16:50:14.297260,1.1.0
63,MD8167425124,PhonePe QR,QR,Active,2021-04-15,,1,2023-04-15,2026-08-04 16:50:14.297267,2.0.1
174,MD7971301991,Pine Labs mPOS,mPOS,Active,2025-04-08,2026-08-12,11,2026-04-08,2026-07-22 16:50:14.297276,3.0.0
115,MD6310106595,Mswipe mPOS,mPOS,Active,2021-08-10,2024-09-21,20,2023-08-10,2026-07-29 16:50:14.297284,1.0.1
17,MD4432174925,Verifone V240m,POS,Active,2021-06-15,2024-07-20,10,2022-06-15,2026-07-30 16:50:14.297291,1.1.0
200,MD5858897318,Bharat QR Stand,QR,Active,2024-08-14,2025-03-13,19,2027-08-14,2026-07-19 16:50:14.297299,1.2.3
137,MD5638545148,Verifone mPOS,mPOS,Active,2021-08-26,2022-03-15,19,2024-08-26,2026-08-12 16:50:14.297307,2.1.0
48,MD4895617922,BharatPe Soundbox,SoundBox,Active,2024-02-24,2025-02-23,1,2026-02-24,2026-08-15 16:50:14.297315,2.3.1
300,MD3152508615,Verifone V240m,POS,Active,2023-02-17,2026-06-21,5,2026-02-17,2026-07-24 16:50:14.297323,2.1.0
160,MD6983637180,Pine Labs Soundbox,SoundBox,Active,2022-04-02,2025-10-02,1,2023-04-02,2026-07-19 16:50:14.297331,2.1.0
242,MD2921883186,PhonePe SmartSpeaker,SoundBox,Active,2026-04-04,2026-07-06,16,2027-04-04,2026-07-22 16:50:14.297339,3.0.0
194,MD3018832930,PAX A920,POS,Active,2021-05-29,2023-06-26,6,2024-05-29,2026-08-10 16:50:14.297348,1.0.1
141,MD8750102465,BharatPe Soundbox,SoundBox,Active,2022-09-09,,8,2025-09-09,2026-07-17 16:50:14.297357,2.3.1
239,MD3655674063,Verifone V240m,POS,Active,2022-12-14,2025-11-24,14,2023-12-14,2026-08-05 16:50:14.297365,1.0.1
175,MD4469738142,Verifone V240m,POS,Active,2025-12-13,2026-01-25,2,2027-12-13,2026-07-25 16:50:14.297373,3.0.0
70,MD1957126278,BharatPe Soundbox,SoundBox,Active,2021-09-07,,5,2024-09-07,2026-07-19 16:50:14.297380,3.0.0
127,MD3006620330,PAX A80,POS,Active,2023-12-09,2024-11-07,17,2024-12-09,2026-07-25 16:50:14.297388,1.2.3
1,MD4657180933,Paytm QR,QR,Active,2022-04-05,2024-10-20,14,2025-04-05,2026-07-18 16:50:14.297395,2.3.1
71,MD9624278283,PhonePe QR,QR,Lost,2023-11-23,2024-08-12,11,2024-11-23,2025-04-12 00:00:00.000000,1.1.0
109,MD1466452333,PhonePe SmartSpeaker,SoundBox,Active,2024-08-06,2026-07-03,14,2027-08-06,2026-07-23 16:50:14.297411,1.1.0
164,MD9894019666,Castles VEGA3000,POS,Active,2026-05-24,2026-07-07,4,2029-05-24,2026-07-29 16:50:14.297419,1.2.3
158,MD1077966544,PhonePe SmartSpeaker,SoundBox,Lost,2022-10-21,2025-08-11,16,2023-10-21,2023-01-26 00:00:00.000000,2.0.1
86,MD4905285688,Verifone V240m,POS,Lost,2022-08-01,2024-02-13,4,2024-08-01,2023-09-01 00:00:00.000000,1.1.0
84,MD7459376896,BharatPe QR,QR,Active,2025-11-09,2026-05-31,15,2026-11-09,2026-07-20 16:50:14.297445,2.3.1
85,MD8419447787,PhonePe QR,QR,Damaged,2021-01-29,,1,2024-01-29,2024-06-14 00:00:00.000000,1.2.3
13,MD5834754148,Paytm QR,QR,Active,2022-11-24,2022-12-28,20,2023-11-24,2026-07-29 16:50:14.297460,1.0.1
236,MD3629231555,PAX A80,POS,Active,2022-01-19,2026-01-16,14,2024-01-19,2026-07-28 16:50:14.297467,2.0.1
240,MD2925900385,Paytm QR,QR,Active,2025-03-01,2026-04-29,6,2028-03-01,2026-08-05 16:50:14.297475,1.1.0
63,MD5644484401,BharatPe QR,QR,Active,2022-11-09,2026-04-04,15,2025-11-09,2026-08-12 16:50:14.297483,1.2.3
289,MD1682631639,Ingenico AXIUM DX8000,POS,Active,2023-09-25,2024-03-22,3,2026-09-25,2026-07-21 16:50:14.297491,2.0.1
13,MD7188221679,Mswipe mPOS,mPOS,Active,2025-03-06,2025-09-02,1,2026-03-06,2026-07-23 16:50:14.297499,1.1.0
9,MD8529864446,Verifone V240m,POS,Active,2024-09-29,2026-04-15,10,2026-09-29,2026-08-02 16:50:14.297507,1.0.1
123,MD5965157489,Mswipe mPOS,mPOS,Active,2025-10-02,2026-04-13,15,2027-10-02,2026-08-14 16:50:14.297515,3.0.0
135,MD7999751762,Pine Labs QR,QR,Inactive,2025-11-09,2026-03-30,14,2026-11-09,2026-07-02 00:00:00.000000,1.1.0
220,MD8939300859,Castles VEGA3000,POS,Active,2021-10-05,2022-03-17,17,2024-10-05,2026-07-29 16:50:14.297531,3.0.0
139,MD6096774692,PhonePe SmartSpeaker,SoundBox,Active,2023-12-02,2025-07-09,12,2024-12-02,2026-07-19 16:50:14.297538,2.1.0
176,MD3421165755,Paytm Soundbox,SoundBox,Active,2021-10-14,,5,2023-10-14,2026-07-25 16:50:14.297545,2.3.1
219,MD3775739955,Pine Labs QR,QR,Active,2025-12-09,2026-07-06,3,2028-12-09,2026-07-30 16:50:14.297552,1.2.3
209,MD2342544148,PAX A920,POS,Active,2023-08-29,2025-10-31,6,2024-08-29,2026-08-15 16:50:14.297560,1.0.1
66,MD5047855054,PAX D180,mPOS,Active,2022-05-22,2025-02-07,11,2024-05-22,2026-08-07 16:50:14.297567,1.2.3
128,MD4043380932,PAX A920,POS,Active,2022-02-17,,2,2025-02-17,2026-08-15 16:50:14.297574,3.0.0
20,MD9875054641,PAX D180,mPOS,Active,2023-08-01,2025-08-22,18,2025-08-01,2026-08-03 16:50:14.297581,1.0.1
102,MD5484845075,PhonePe SmartSpeaker,SoundBox,Active,2021-12-22,2024-12-11,10,2024-12-22,2026-07-20 16:50:14.297590,3.0.0
8,MD7671152335,Ingenico AXIUM DX8000,POS,Active,2021-12-04,2024-05-15,10,2024-12-04,2026-08-10 16:50:14.297598,2.0.1
33,MD5568214442,PhonePe QR,QR,Active,2022-08-14,2026-07-08,3,2023-08-14,2026-08-11 16:50:14.297605,1.0.1
36,MD5862889371,PAX A80,POS,Under Maintenance,2024-11-15,,4,2026-11-15,2026-08-03 16:50:14.297615,1.1.0
218,MD2523603674,PAX A920,POS,Under Maintenance,2026-04-05,2026-06-10,8,2028-04-05,2026-08-14 16:50:14.297622,1.1.0
154,MD2985652279,Mswipe mPOS,mPOS,Active,2021-01-17,,10,2024-01-17,2026-08-02 16:50:14.297629,1.0.1
128,MD6299425591,Mswipe mPOS,mPOS,Active,2024-11-07,2024-12-22,8,2027-11-07,2026-08-06 16:50:14.297637,1.0.1
105,MD7211381632,Verifone mPOS,mPOS,Active,2021-02-03,2024-02-14,1,2023-02-03,2026-07-29 16:50:14.297644,3.0.0
225,MD3328950426,Verifone V240m,POS,Active,2021-07-30,2025-11-08,17,2022-07-30,2026-08-12 16:50:14.297652,2.0.1
15,MD3889659891,Castles VEGA3000,POS,Active,2021-03-23,2025-04-19,19,2022-03-23,2026-07-29 16:50:14.297659,3.0.0
273,MD1268419370,Mswipe mPOS,mPOS,Inactive,2023-07-06,2025-08-15,11,2025-07-06,2026-04-21 00:00:00.000000,1.1.0
249,MD1842147539,Castles VEGA3000,POS,Active,2024-05-16,,15,2026-05-16,2026-07-22 16:50:14.297676,1.2.3
199,MD7533583339,Pine Labs mPOS,mPOS,Lost,2021-12-05,,8,2022-12-05,2026-05-11 00:00:00.000000,3.0.0
50,MD8751252801,PhonePe QR,QR,Active,2023-05-08,2024-10-07,20,2025-05-08,2026-07-23 16:50:14.297691,2.1.0
210,MD1631993027,PhonePe QR,QR,Active,2022-06-25,2024-07-15,5,2025-06-25,2026-07-17 16:50:14.297698,3.0.0
156,MD9631188358,Castles VEGA3000,POS,Active,2023-06-27,2025-04-03,2,2024-06-27,2026-08-09 16:50:14.297706,2.0.1
161,MD9886146074,Bharat QR Stand,QR,Active,2023-09-14,2024-03-16,7,2024-09-14,2026-07-24 16:50:14.297713,2.1.0
280,MD3758534676,Mswipe mPOS,mPOS,Inactive,2022-07-06,2023-04-17,5,2025-07-06,2026-06-27 00:00:00.000000,2.0.1
237,MD6429034367,PhonePe QR,QR,Active,2025-04-15,2026-06-14,16,2028-04-15,2026-08-12 16:50:14.297729,1.1.0
189,MD5543107326,BharatPe QR,QR,Active,2023-01-02,,19,2026-01-02,2026-08-11 16:50:14.297737,2.1.0
192,MD1893034937,Pine Labs Soundbox,SoundBox,Active,2024-04-02,2025-09-15,8,2025-04-02,2026-07-27 16:50:14.297746,1.0.1
169,MD5509141444,PhonePe QR,QR,Blocked,2021-01-21,2025-08-04,13,2022-01-21,2026-08-09 16:50:14.297753,2.1.0
72,MD3679042689,Paytm QR,QR,Active,2024-09-15,2026-01-01,9,2026-09-15,2026-07-25 16:50:14.297761,3.0.0
194,MD2593883036,Verifone V240m,POS,Active,2023-08-06,,5,2025-08-06,2026-08-12 16:50:14.297767,1.0.1
67,MD2056788577,Castles VEGA3000,POS,Active,2021-04-21,2026-01-15,5,2023-04-21,2026-08-02 16:50:14.297775,1.0.1
135,MD2907740283,Castles VEGA3000,POS,Active,2024-07-21,2025-01-29,4,2027-07-21,2026-08-15 16:50:14.297782,2.1.0
247,MD6240310299,PAX D180,mPOS,Active,2021-07-23,2026-08-07,8,2024-07-23,2026-07-21 16:50:14.297791,2.0.1
34,MD5720017536,Bharat QR Stand,QR,Under Maintenance,2024-10-08,,12,2027-10-08,2026-07-31 16:50:14.297797,2.1.0
134,MD8777515023,PAX A920,POS,Active,2022-01-14,2025-01-31,14,2025-01-14,2026-08-12 16:50:14.297805,2.3.1
134,MD4627182747,Paytm QR,QR,Active,2021-03-11,2021-12-17,6,2024-03-11,2026-07-27 16:50:14.297813,1.0.1
133,MD3060367786,PhonePe QR,QR,Active,2022-07-05,,20,2024-07-05,2026-08-15 16:50:14.297821,2.1.0
209,MD6191943226,PhonePe SmartSpeaker,SoundBox,Active,2026-05-08,2026-08-08,6,2028-05-08,2026-07-22 16:50:14.297831,1.0.1
187,MD4866467120,Bharat QR Stand,QR,Active,2023-06-18,2024-10-26,4,2025-06-18,2026-07-27 16:50:14.297839,2.0.1
24,MD8609757605,Pine Labs mPOS,mPOS,Damaged,2023-03-14,,10,2024-03-14,2023-07-26 00:00:00.000000,3.0.0
52,MD1360141353,PAX A920,POS,Active,2024-06-19,2024-12-15,2,2026-06-19,2026-07-27 16:50:14.297855,2.3.1
91,MD2340559447,Mswipe mPOS,mPOS,Active,2023-03-03,2025-08-03,18,2025-03-03,2026-07-23 16:50:14.297863,1.1.0
297,MD6527305314,Paytm QR,QR,Active,2025-09-03,2026-08-04,16,2027-09-03,2026-08-11 16:50:14.297871,2.0.1
195,MD6071675420,Mswipe mPOS,mPOS,Active,2026-05-29,2026-07-07,19,2027-05-29,2026-08-01 16:50:14.297879,1.1.0
16,MD5811862857,Bharat QR Stand,QR,Active,2024-09-15,2025-03-12,17,2026-09-15,2026-07-29 16:50:14.297887,2.1.0
97,MD9647377851,Verifone V240m,POS,Active,2024-12-11,,2,2026-12-11,2026-08-11 16:50:14.297894,1.0.1
94,MD5619266855,Verifone V240m,POS,Active,2024-12-17,2025-03-15,19,2025-12-17,2026-08-15 16:50:14.297902,1.0.1
290,MD7007789433,BharatPe QR,QR,Active,2024-11-01,2025-08-26,7,2026-11-01,2026-08-03 16:50:14.297910,2.3.1
122,MD5086706611,PAX A920,POS,Active,2025-02-17,2026-04-28,6,2026-02-17,2026-08-06 16:50:14.297918,2.3.1
281,MD9046614515,Pine Labs Soundbox,SoundBox,Lost,2022-02-01,2026-06-06,5,2025-02-01,2022-05-14 00:00:00.000000,1.0.1
173,MD4708025106,Bharat QR Stand,QR,Active,2024-04-14,2025-01-09,8,2027-04-14,2026-07-26 16:50:14.297934,1.1.0
52,MD8407433381,PhonePe SmartSpeaker,SoundBox,Active,2024-05-27,,19,2027-05-27,2026-07-31 16:50:14.297941,2.0.1
108,MD5096064368,Paytm Soundbox,SoundBox,Active,2026-05-09,2026-07-18,9,2028-05-09,2026-08-07 16:50:14.297950,2.1.0
56,MD7320037828,Paytm Soundbox,SoundBox,Active,2024-10-02,2026-07-06,14,2026-10-02,2026-07-25 16:50:14.297958,1.0.1
276,MD7546697976,Pine Labs QR,QR,Lost,2022-04-15,,10,2025-04-15,2023-08-19 00:00:00.000000,2.3.1
48,MD3329004217,PhonePe QR,QR,Active,2022-11-18,,19,2024-11-18,2026-07-17 16:50:14.297973,3.0.0
43,MD4748919725,Paytm Soundbox,SoundBox,Active,2022-09-24,,2,2025-09-24,2026-07-28 16:50:14.297981,1.1.0
65,MD4021146063,PAX A920,POS,Active,2021-04-30,2022-02-06,4,2024-04-30,2026-07-26 16:50:14.297989,2.0.1
82,MD9437945305,BharatPe QR,QR,Active,2021-10-27,2023-07-29,8,2024-10-27,2026-07-29 16:50:14.297996,3.0.0
176,MD6088284084,PAX A80,POS,Active,2025-07-06,2025-09-17,17,2026-07-06,2026-07-19 16:50:14.298003,2.0.1
288,MD6301032339,Ingenico AXIUM DX8000,POS,Active,2021-07-07,2025-05-08,6,2022-07-07,2026-07-19 16:50:14.298011,1.1.0
90,MD6095852779,Pine Labs mPOS,mPOS,Active,2021-06-08,,3,2022-06-08,2026-07-20 16:50:14.298018,2.3.1
237,MD6605670405,Verifone mPOS,mPOS,Active,2023-03-25,2025-05-03,15,2024-03-25,2026-08-01 16:50:14.298026,1.2.3
185,MD4831449016,BharatPe QR,QR,Active,2025-05-03,,4,2027-05-03,2026-07-23 16:50:14.298033,2.0.1
12,MD8837452398,Verifone mPOS,mPOS,Inactive,2024-09-27,2026-01-21,20,2027-09-27,2025-08-28 00:00:00.000000,3.0.0
237,MD6983280295,Paytm QR,QR,Active,2021-04-08,,9,2022-04-08,2026-07-18 16:50:14.298047,1.2.3
40,MD3988903281,Mswipe mPOS,mPOS,Damaged,2021-10-02,2024-08-14,19,2023-10-02,2023-04-17 00:00:00.000000,2.3.1
58,MD5188820515,PhonePe SmartSpeaker,SoundBox,Inactive,2022-04-27,,10,2024-04-27,2024-03-13 00:00:00.000000,1.2.3
149,MD9123349201,PAX A920,POS,Active,2023-02-17,2023-12-01,3,2025-02-17,2026-07-16 16:50:14.298071,1.1.0
169,MD9410796413,Bharat QR Stand,QR,Active,2026-03-21,2026-06-27,12,2029-03-21,2026-07-21 16:50:14.298079,2.3.1
138,MD7009169732,Pine Labs Soundbox,SoundBox,Active,2025-06-14,2025-08-08,15,2026-06-14,2026-08-06 16:50:14.298087,3.0.0
245,MD4562031776,Verifone V240m,POS,Active,2023-08-28,2025-08-12,13,2026-08-28,2026-08-12 16:50:14.298094,1.1.0
116,MD6556818602,Pine Labs Soundbox,SoundBox,Active,2023-08-20,2026-08-01,15,2025-08-20,2026-08-05 16:50:14.298102,3.0.0
293,MD9693184184,PAX A80,POS,Under Maintenance,2022-11-26,2024-06-16,14,2023-11-26,2026-07-31 16:50:14.298109,2.0.1
203,MD8954620185,PhonePe QR,QR,Active,2021-11-11,2026-07-28,1,2023-11-11,2026-07-29 16:50:14.298117,3.0.0
122,MD7076840768,Pine Labs Soundbox,SoundBox,Active,2023-03-07,,14,2026-03-07,2026-08-10 16:50:14.298124,2.0.1
99,MD2847643825,Pine Labs Soundbox,SoundBox,Active,2021-10-14,,14,2023-10-14,2026-08-05 16:50:14.298132,3.0.0
106,MD3620300975,PhonePe QR,QR,Active,2024-04-06,2025-05-14,17,2025-04-06,2026-07-27 16:50:14.298139,1.1.0
266,MD8162775664,BharatPe Soundbox,SoundBox,Active,2024-03-03,2024-11-13,11,2026-03-03,2026-08-03 16:50:14.298148,2.3.1
167,MD1467821587,Castles VEGA3000,POS,Active,2023-11-01,,4,2026-11-01,2026-07-23 16:50:14.298155,2.1.0
212,MD1292004428,PhonePe QR,QR,Active,2025-03-18,2025-07-02,13,2027-03-18,2026-07-20 16:50:14.298164,1.1.0
85,MD8340191419,Castles VEGA3000,POS,Damaged,2025-12-31,2026-06-19,5,2026-12-31,2026-07-26 00:00:00.000000,1.1.0
65,MD1632894270,Pine Labs Soundbox,SoundBox,Active,2024-07-21,,15,2027-07-21,2026-07-19 16:50:14.298183,3.0.0
108,MD1973698916,Verifone V240m,POS,Inactive,2026-04-24,2026-06-12,15,2029-04-24,2026-05-11 00:00:00.000000,1.1.0
28,MD3282634945,BharatPe Soundbox,SoundBox,Active,2024-08-28,,11,2026-08-28,2026-07-29 16:50:14.298198,1.0.1
230,MD3390114346,Paytm Soundbox,SoundBox,Under Maintenance,2022-02-19,2026-04-22,16,2023-02-19,2026-08-06 16:50:14.298206,1.1.0
165,MD5989806520,PhonePe QR,QR,Active,2023-12-20,2025-05-16,2,2024-12-20,2026-08-07 16:50:14.298215,3.0.0
74,MD1036458963,Bharat QR Stand,QR,Inactive,2025-03-12,2026-06-10,19,2026-03-12,2026-03-03 00:00:00.000000,2.0.1
142,MD5390945006,BharatPe Soundbox,SoundBox,Active,2021-04-14,2024-05-31,5,2024-04-14,2026-08-08 16:50:14.298231,2.1.0
156,MD9628048002,BharatPe Soundbox,SoundBox,Active,2024-05-14,2024-11-10,17,2027-05-14,2026-07-20 16:50:14.298239,1.0.1
68,MD4455742483,Verifone mPOS,mPOS,Active,2025-04-08,2025-05-28,7,2026-04-08,2026-07-31 16:50:14.298246,3.0.0
218,MD3119353251,PAX A80,POS,Inactive,2022-07-14,2023-05-31,4,2024-07-14,2023-01-24 00:00:00.000000,2.3.1
35,MD9588399301,PAX A80,POS,Lost,2022-06-24,2023-04-15,3,2025-06-24,2023-09-27 00:00:00.000000,2.1.0
218,MD6449602956,Mswipe mPOS,mPOS,Under Maintenance,2021-05-08,,6,2022-05-08,2026-08-12 16:50:14.298268,2.3.1
42,MD8304613614,BharatPe Soundbox,SoundBox,Active,2022-03-29,,15,2024-03-29,2026-07-19 16:50:14.298275,3.0.0
59,MD6257847532,Pine Labs QR,QR,Under Maintenance,2021-04-24,2023-07-15,5,2024-04-24,2026-08-10 16:50:14.298282,2.0.1
8,MD3015010298,PAX A80,POS,Active,2025-05-20,2025-08-23,12,2026-05-20,2026-07-26 16:50:14.298291,2.3.1
96,MD5455730390,Paytm QR,QR,Active,2021-03-06,2024-10-13,8,2023-03-06,2026-08-02 16:50:14.298299,2.0.1
169,MD9331991654,Ingenico AXIUM DX8000,POS,Active,2022-05-17,2025-01-17,8,2024-05-17,2026-08-14 16:50:14.298306,3.0.0
264,MD4445613121,Bharat QR Stand,QR,Active,2022-10-01,2024-12-07,1,2023-10-01,2026-08-11 16:50:14.298314,2.3.1
286,MD8915153935,BharatPe QR,QR,Active,2023-02-21,2026-06-24,7,2026-02-21,2026-07-27 16:50:14.298321,2.1.0
121,MD4375873946,Bharat QR Stand,QR,Blocked,2022-02-28,2025-01-20,17,2025-02-28,2026-07-16 16:50:14.298329,1.0.1
126,MD4139588356,Paytm QR,QR,Blocked,2022-08-27,2022-12-27,19,2024-08-27,2026-07-24 16:50:14.298347,1.0.1
287,MD3195140099,PhonePe SmartSpeaker,SoundBox,Active,2025-12-21,2026-03-08,16,2026-12-21,2026-07-25 16:50:14.298356,1.2.3
169,MD8506485595,Verifone V240m,POS,Under Maintenance,2026-05-06,2026-06-08,16,2029-05-06,2026-07-29 16:50:14.298364,2.3.1
86,MD8288037824,PAX A920,POS,Under Maintenance,2022-12-19,2025-04-25,8,2025-12-19,2026-07-17 16:50:14.298373,1.1.0
40,MD1429867728,PAX A80,POS,Inactive,2025-06-09,2026-07-24,11,2028-06-09,2025-10-30 00:00:00.000000,2.1.0
45,MD5501373130,Verifone V240m,POS,Active,2022-08-04,,3,2024-08-04,2026-07-16 16:50:14.298387,1.2.3
189,MD8020254729,PhonePe QR,QR,Active,2022-08-20,2024-04-29,19,2023-08-20,2026-08-13 16:50:14.298395,2.1.0
168,MD4822326823,Verifone V240m,POS,Lost,2021-05-12,2022-08-23,16,2023-05-12,2021-11-27 00:00:00.000000,3.0.0
84,MD2295260976,Verifone V240m,POS,Active,2021-01-15,2026-07-01,17,2022-01-15,2026-07-29 16:50:14.298410,1.1.0
104,MD2893359433,PhonePe SmartSpeaker,SoundBox,Active,2024-12-20,2025-04-09,11,2025-12-20,2026-07-18 16:50:14.298418,2.0.1
278,MD1044420079,Paytm QR,QR,Active,2023-11-16,,14,2026-11-16,2026-07-19 16:50:14.298425,2.0.1
190,MD9797628258,PAX A80,POS,Active,2022-02-23,2026-01-10,4,2023-02-23,2026-08-04 16:50:14.298433,2.0.1
267,MD7689537319,Ingenico AXIUM DX8000,POS,Active,2024-07-24,2025-07-13,2,2027-07-24,2026-08-01 16:50:14.298441,3.0.0
174,MD7167102437,PhonePe QR,QR,Active,2026-05-25,2026-07-30,4,2028-05-25,2026-07-24 16:50:14.298448,1.0.1
109,MD2960314749,Verifone V240m,POS,Active,2025-11-11,,3,2028-11-11,2026-07-23 16:50:14.298456,3.0.0
6,MD6514177237,Pine Labs mPOS,mPOS,Active,2025-05-21,2026-08-08,18,2027-05-21,2026-07-27 16:50:14.298464,1.2.3
42,MD3764639857,Bharat QR Stand,QR,Active,2026-05-17,2026-08-13,13,2028-05-17,2026-07-23 16:50:14.298472,1.0.1
57,MD1700554308,Pine Labs Soundbox,SoundBox,Damaged,2023-07-14,2025-06-11,7,2024-07-14,2025-08-28 00:00:00.000000,1.2.3
98,MD8353041890,PhonePe SmartSpeaker,SoundBox,Inactive,2022-03-28,,10,2024-03-28,2022-03-29 00:00:00.000000,2.0.1
54,MD9739248949,Pine Labs mPOS,mPOS,Active,2021-08-06,2026-08-08,2,2024-08-06,2026-07-25 16:50:14.298495,1.0.1
282,MD3887127254,Ingenico AXIUM DX8000,POS,Blocked,2022-09-19,,8,2024-09-19,2026-08-04 16:50:14.298501,1.2.3
211,MD6953578973,PAX A80,POS,Active,2022-09-23,2023-11-27,16,2024-09-23,2026-08-07 16:50:14.298509,3.0.0
169,MD1012503100,Pine Labs Soundbox,SoundBox,Active,2024-03-05,2024-04-09,10,2025-03-05,2026-08-01 16:50:14.298516,2.0.1
229,MD8677114493,Verifone V240m,POS,Active,2026-02-05,2026-03-24,14,2028-02-05,2026-08-02 16:50:14.298524,3.0.0
189,MD2443740862,Verifone mPOS,mPOS,Lost,2026-01-17,2026-05-02,7,2029-01-17,2026-08-01 00:00:00.000000,1.1.0
28,MD6435448501,PhonePe SmartSpeaker,SoundBox,Active,2021-05-06,2023-10-13,1,2022-05-06,2026-08-09 16:50:14.298541,1.2.3
190,MD5519979166,Pine Labs Soundbox,SoundBox,Active,2025-07-13,,18,2028-07-13,2026-07-20 16:50:14.298547,2.0.1
149,MD2594163446,Verifone V240m,POS,Active,2022-05-09,2024-10-22,4,2025-05-09,2026-08-08 16:50:14.298554,1.2.3
298,MD5549509688,Castles VEGA3000,POS,Active,2022-06-30,2023-02-03,19,2023-06-30,2026-08-11 16:50:14.298562,1.1.0
182,MD2434421866,BharatPe QR,QR,Active,2025-03-17,2025-06-04,14,2028-03-17,2026-08-13 16:50:14.298569,2.0.1
88,MD5498028311,BharatPe QR,QR,Active,2025-10-12,2025-12-18,12,2026-10-12,2026-07-22 16:50:14.298576,1.0.1
221,MD6233609753,Ingenico AXIUM DX8000,POS,Active,2021-10-29,,18,2024-10-29,2026-07-26 16:50:14.298584,1.2.3
56,MD8883065218,PhonePe SmartSpeaker,SoundBox,Active,2021-10-29,2025-10-06,18,2023-10-29,2026-07-26 16:50:14.298591,3.0.0
15,MD3617940400,Paytm QR,QR,Active,2023-02-08,2023-12-23,4,2026-02-08,2026-07-28 16:50:14.298599,1.2.3
75,MD2761897830,PAX A80,POS,Under Maintenance,2024-08-11,,11,2025-08-11,2026-08-09 16:50:14.298606,2.0.1
173,MD7821702531,BharatPe Soundbox,SoundBox,Damaged,2023-11-01,2023-12-08,18,2025-11-01,2025-11-14 00:00:00.000000,2.0.1
280,MD9360515022,PhonePe QR,QR,Active,2021-11-24,2025-09-21,5,2023-11-24,2026-08-15 16:50:14.298621,2.3.1
92,MD1007733035,PhonePe QR,QR,Under Maintenance,2021-07-07,,1,2022-07-07,2026-08-07 16:50:14.298627,2.1.0
162,MD2538404695,PAX A920,POS,Active,2026-02-23,2026-03-26,10,2029-02-23,2026-07-27 16:50:14.298635,1.0.1
277,MD3523691883,BharatPe Soundbox,SoundBox,Active,2023-12-14,2025-01-08,19,2025-12-14,2026-07-25 16:50:14.298642,2.3.1
249,MD9772580436,Castles VEGA3000,POS,Active,2024-03-28,2026-05-28,13,2026-03-28,2026-07-23 16:50:14.298650,1.1.0
137,MD6519130532,Bharat QR Stand,QR,Active,2023-02-28,,17,2026-02-28,2026-07-30 16:50:14.298657,3.0.0
74,MD3975722660,Paytm QR,QR,Active,2022-03-17,2023-03-24,2,2025-03-17,2026-07-23 16:50:14.298665,1.2.3
45,MD1850907624,Castles VEGA3000,POS,Lost,2022-08-14,2026-03-26,9,2024-08-14,2022-12-20 00:00:00.000000,1.0.1
178,MD2082935943,Verifone mPOS,mPOS,Active,2023-08-17,2026-05-19,7,2025-08-17,2026-08-06 16:50:14.298681,2.3.1
200,MD1176240631,PhonePe QR,QR,Active,2021-06-24,2022-05-17,9,2023-06-24,2026-08-07 16:50:14.298688,1.0.1
166,MD2144823977,Verifone V240m,POS,Active,2024-05-23,,4,2025-05-23,2026-07-29 16:50:14.298695,1.0.1
82,MD3882689215,Paytm QR,QR,Active,2024-07-09,2025-12-31,10,2025-07-09,2026-08-05 16:50:14.298702,2.1.0
232,MD5132004566,Paytm QR,QR,Active,2023-01-28,2023-11-26,20,2025-01-28,2026-07-29 16:50:14.298710,2.3.1
184,MD4062928106,Pine Labs QR,QR,Active,2022-10-29,2023-10-15,10,2024-10-29,2026-07-17 16:50:14.298717,3.0.0
118,MD2942315741,Paytm Soundbox,SoundBox,Active,2024-06-14,2025-04-22,20,2025-06-14,2026-07-18 16:50:14.298724,2.0.1
115,MD3463563704,PhonePe QR,QR,Inactive,2022-09-22,2025-02-11,14,2024-09-22,2025-11-11 00:00:00.000000,3.0.0
205,MD8977705445,Paytm QR,QR,Damaged,2024-06-15,2025-02-12,14,2026-06-15,2026-04-14 00:00:00.000000,2.3.1
131,MD8505765620,Castles VEGA3000,POS,Active,2021-09-08,2021-10-23,16,2023-09-08,2026-08-12 16:50:14.298746,1.2.3
200,MD3445720115,Bharat QR Stand,QR,Active,2026-04-22,2026-08-07,7,2028-04-22,2026-07-25 16:50:14.298754,1.2.3
290,MD4464866402,Paytm Soundbox,SoundBox,Active,2022-12-07,,18,2025-12-07,2026-07-31 16:50:14.298760,1.0.1
109,MD4841989007,PhonePe QR,QR,Active,2025-01-30,2025-03-19,15,2026-01-30,2026-07-18 16:50:14.298768,1.0.1
291,MD8593947183,Castles VEGA3000,POS,Active,2023-10-29,2026-01-29,16,2025-10-29,2026-08-12 16:50:14.298775,3.0.0
79,MD8388813573,Paytm QR,QR,Active,2023-01-16,2023-08-16,13,2024-01-16,2026-08-02 16:50:14.298783,1.0.1
235,MD9517356308,BharatPe QR,QR,Active,2026-01-01,2026-03-23,3,2028-01-01,2026-08-14 16:50:14.298791,2.0.1
38,MD4953930638,BharatPe QR,QR,Active,2025-02-21,2025-11-14,5,2026-02-21,2026-08-15 16:50:14.298798,1.2.3
143,MD1063545789,Verifone V240m,POS,Active,2024-03-15,2024-10-09,10,2027-03-15,2026-07-23 16:50:14.298805,2.3.1
240,MD5123833072,Bharat QR Stand,QR,Active,2021-07-11,2025-04-19,7,2022-07-11,2026-07-31 16:50:14.298814,1.2.3
11,MD7906893336,PhonePe SmartSpeaker,SoundBox,Active,2024-05-18,2025-04-17,5,2026-05-18,2026-08-02 16:50:14.298822,3.0.0
174,MD4351853752,Pine Labs QR,QR,Active,2021-07-16,,15,2024-07-16,2026-08-14 16:50:14.298830,1.0.1
78,MD4952374373,Ingenico AXIUM DX8000,POS,Active,2023-05-09,2026-07-09,2,2026-05-09,2026-08-13 16:50:14.298837,1.1.0
36,MD3588779841,Pine Labs QR,QR,Active,2025-08-20,2026-06-30,3,2028-08-20,2026-07-20 16:50:14.298844,1.1.0
271,MD9536884607,Castles VEGA3000,POS,Active,2026-01-27,2026-07-10,18,2027-01-27,2026-07-16 16:50:14.298852,1.0.1
34,MD4120559858,Castles VEGA3000,POS,Damaged,2023-09-02,,14,2026-09-02,2025-08-17 00:00:00.000000,2.3.1
160,MD7017254716,Pine Labs Soundbox,SoundBox,Active,2021-05-20,2025-04-27,3,2022-05-20,2026-07-27 16:50:14.298867,3.0.0
217,MD4462933364,Castles VEGA3000,POS,Active,2024-11-15,2026-05-25,12,2025-11-15,2026-08-13 16:50:14.298875,2.0.1
2,MD3591242116,BharatPe Soundbox,SoundBox,Active,2026-03-16,2026-06-05,3,2029-03-16,2026-07-31 16:50:14.298882,1.2.3
16,MD2089757170,Paytm QR,QR,Active,2025-10-15,2026-06-14,6,2026-10-15,2026-07-29 16:50:14.298890,3.0.0
183,MD5837681495,PAX A80,POS,Active,2024-01-02,,7,2027-01-02,2026-08-03 16:50:14.298896,1.2.3
25,MD3154091358,BharatPe Soundbox,SoundBox,Active,2025-01-01,2025-10-17,13,2026-01-01,2026-07-23 16:50:14.298906,3.0.0
274,MD9056228446,Castles VEGA3000,POS,Under Maintenance,2024-09-28,,3,2025-09-28,2026-07-27 16:50:14.298915,2.1.0
181,MD1272358633,PAX A920,POS,Active,2022-04-14,2022-05-26,3,2024-04-14,2026-08-06 16:50:14.298922,2.1.0
240,MD1567654103,Ingenico AXIUM DX8000,POS,Active,2021-06-08,2023-01-13,11,2023-06-08,2026-08-07 16:50:14.298929,1.2.3
245,MD9303956050,PhonePe SmartSpeaker,SoundBox,Active,2022-11-19,2025-07-07,10,2025-11-19,2026-07-19 16:50:14.298937,1.2.3
66,MD2755451508,Ingenico AXIUM DX8000,POS,Active,2021-07-21,2024-12-28,20,2022-07-21,2026-08-11 16:50:14.298944,1.1.0
37,MD5711059937,PAX A80,POS,Active,2022-05-24,,12,2023-05-24,2026-08-04 16:50:14.298951,2.1.0
35,MD8384398660,PAX A920,POS,Active,2024-06-30,,1,2025-06-30,2026-08-05 16:50:14.298958,1.0.1
199,MD3630959943,Verifone V240m,POS,Active,2022-09-23,2024-01-26,8,2024-09-23,2026-08-14 16:50:14.298966,3.0.0
34,MD3441636006,PAX A80,POS,Active,2022-11-17,2025-12-25,11,2025-11-17,2026-08-06 16:50:14.298973,3.0.0
31,MD9665016850,Pine Labs mPOS,mPOS,Under Maintenance,2021-05-09,2026-02-03,18,2024-05-09,2026-07-29 16:50:14.298982,2.0.1
65,MD4824706001,BharatPe QR,QR,Active,2022-06-10,2022-11-24,12,2023-06-10,2026-07-25 16:50:14.298989,2.3.1
127,MD8235644774,Castles VEGA3000,POS,Under Maintenance,2023-12-09,2025-05-21,7,2026-12-09,2026-07-17 16:50:14.298996,2.3.1
69,MD6510902596,PAX A920,POS,Active,2023-05-04,2024-02-27,13,2024-05-04,2026-08-05 16:50:14.299004,2.0.1
79,MD2188873022,Verifone V240m,POS,Active,2021-11-07,2022-07-07,15,2022-11-07,2026-08-07 16:50:14.299012,2.1.0
177,MD5743769502,BharatPe QR,QR,Damaged,2021-04-09,,19,2023-04-09,2022-02-21 00:00:00.000000,2.1.0
179,MD6637485738,Pine Labs QR,QR,Active,2022-08-05,2024-09-16,16,2023-08-05,2026-08-14 16:50:14.299025,1.1.0
268,MD5588328641,Verifone V240m,POS,Active,2021-01-04,2023-11-23,14,2023-01-04,2026-07-16 16:50:14.299033,2.3.1
193,MD8811189853,Pine Labs QR,QR,Active,2024-07-12,2024-09-27,13,2025-07-12,2026-08-08 16:50:14.299040,2.1.0
204,MD1683663095,Pine Labs Soundbox,SoundBox,Active,2023-10-27,,14,2026-10-27,2026-07-27 16:50:14.299046,2.3.1
163,MD7190057807,Pine Labs Soundbox,SoundBox,Inactive,2021-05-06,2022-02-21,5,2024-05-06,2023-09-15 00:00:00.000000,3.0.0
17,MD6141131932,Paytm Soundbox,SoundBox,Active,2022-05-17,2025-04-09,14,2023-05-17,2026-07-31 16:50:14.299063,1.1.0
48,MD6215343192,PhonePe SmartSpeaker,SoundBox,Active,2024-11-27,2026-06-12,15,2026-11-27,2026-07-21 16:50:14.299070,1.0.1
158,MD4226423109,PhonePe SmartSpeaker,SoundBox,Active,2026-02-12,2026-07-30,2,2027-02-12,2026-07-21 16:50:14.299077,1.2.3
294,MD6558231750,Verifone V240m,POS,Active,2022-11-20,,8,2023-11-20,2026-08-13 16:50:14.299084,3.0.0
104,MD2868620276,Castles VEGA3000,POS,Active,2024-12-13,,10,2027-12-13,2026-08-11 16:50:14.299092,2.0.1
109,MD4767015530,PAX D180,mPOS,Active,2023-04-08,2026-07-28,6,2024-04-08,2026-07-23 16:50:14.299100,2.1.0
232,MD9236944220,Verifone mPOS,mPOS,Under Maintenance,2024-05-11,2026-01-15,8,2027-05-11,2026-07-28 16:50:14.299108,1.0.1
92,MD8828511587,PAX A920,POS,Active,2023-11-17,2024-08-17,19,2025-11-17,2026-08-01 16:50:14.299115,2.0.1
62,MD7436541239,PAX A920,POS,Active,2023-11-22,2025-10-11,13,2025-11-22,2026-08-12 16:50:14.299122,1.1.0
166,MD2589765367,Verifone mPOS,mPOS,Active,2025-09-25,2026-01-08,6,2027-09-25,2026-08-14 16:50:14.299131,1.2.3
2,MD3593966632,PhonePe QR,QR,Active,2023-10-22,,12,2025-10-22,2026-08-14 16:50:14.299139,1.1.0
259,MD8668301177,Paytm Soundbox,SoundBox,Inactive,2022-04-23,2025-08-14,10,2023-04-23,2026-04-23 00:00:00.000000,1.1.0
34,MD7301783706,PAX A920,POS,Active,2026-03-14,2026-04-18,15,2027-03-14,2026-08-15 16:50:14.299156,2.0.1
80,MD3492087656,PhonePe SmartSpeaker,SoundBox,Active,2023-09-21,2024-10-06,20,2024-09-21,2026-08-02 16:50:14.299164,3.0.0
153,MD9279037975,PhonePe QR,QR,Active,2024-09-30,2026-06-15,17,2027-09-30,2026-07-18 16:50:14.299171,1.0.1
276,MD1342244142,Pine Labs QR,QR,Under Maintenance,2021-06-08,2023-11-29,3,2023-06-08,2026-07-29 16:50:14.299178,1.0.1
103,MD5301148526,PAX D180,mPOS,Active,2023-12-11,,15,2026-12-11,2026-07-22 16:50:14.299185,1.0.1
213,MD3936510347,PAX A80,POS,Active,2026-04-10,2026-06-14,12,2027-04-10,2026-07-22 16:50:14.299192,1.0.1
76,MD1729586452,BharatPe QR,QR,Damaged,2025-06-06,,16,2027-06-06,2026-02-24 00:00:00.000000,1.1.0
187,MD5253407851,Castles VEGA3000,POS,Active,2021-07-13,2023-06-30,9,2024-07-13,2026-07-27 16:50:14.299208,2.3.1
41,MD9044887743,BharatPe QR,QR,Active,2024-10-11,2026-05-21,11,2026-10-11,2026-08-03 16:50:14.299216,1.1.0
243,MD1334147396,Verifone V240m,POS,Active,2023-12-26,2025-04-28,9,2024-12-26,2026-08-05 16:50:14.299223,1.2.3
54,MD7222024601,Pine Labs Soundbox,SoundBox,Active,2023-04-15,2024-03-21,13,2024-04-15,2026-08-08 16:50:14.299231,1.1.0
291,MD4814526257,PAX A80,POS,Damaged,2024-04-07,2025-11-29,20,2025-04-07,2025-09-11 00:00:00.000000,3.0.0
197,MD3285207414,Pine Labs Soundbox,SoundBox,Active,2025-03-20,,16,2027-03-20,2026-07-31 16:50:14.299245,2.0.1
211,MD2344863114,Bharat QR Stand,QR,Active,2022-12-19,2023-05-30,19,2023-12-19,2026-08-14 16:50:14.299252,3.0.0
212,MD6158531170,Pine Labs QR,QR,Active,2022-11-03,2026-05-25,20,2025-11-03,2026-07-29 16:50:14.299260,2.0.1
48,MD8054849911,PAX A80,POS,Active,2021-09-09,2025-02-24,10,2024-09-09,2026-08-04 16:50:14.299267,2.3.1
207,MD3373777002,BharatPe QR,QR,Active,2021-09-14,,11,2024-09-14,2026-08-04 16:50:14.299274,1.1.0
252,MD8393732917,PhonePe SmartSpeaker,SoundBox,Active,2023-04-04,2026-04-05,17,2026-04-04,2026-07-21 16:50:14.299282,1.2.3
63,MD7633428728,PAX A920,POS,Active,2022-11-22,2023-06-08,17,2024-11-22,2026-07-28 16:50:14.299290,2.1.0
177,MD2322103728,PhonePe QR,QR,Active,2022-11-25,2024-09-15,19,2023-11-25,2026-07-16 16:50:14.299298,2.3.1
120,MD8822854904,Verifone V240m,POS,Active,2025-08-20,2026-04-26,7,2027-08-20,2026-08-12 16:50:14.299305,2.3.1
203,MD4468739615,Verifone mPOS,mPOS,Active,2025-07-07,,2,2028-07-07,2026-08-15 16:50:14.299311,2.0.1
89,MD2369861404,Pine Labs QR,QR,Active,2021-12-03,2024-08-23,16,2023-12-03,2026-07-25 16:50:14.299319,1.0.1
150,MD5512310166,PAX A80,POS,Active,2024-09-06,2025-07-10,16,2025-09-06,2026-08-15 16:50:14.299326,2.0.1
267,MD1839458430,BharatPe Soundbox,SoundBox,Under Maintenance,2023-05-09,2026-03-22,4,2026-05-09,2026-08-01 16:50:14.299334,1.0.1
252,MD1268737230,Pine Labs QR,QR,Active,2022-01-09,2023-07-24,13,2024-01-09,2026-07-26 16:50:14.299341,3.0.0
237,MD3721545794,PAX A80,POS,Active,2023-11-04,2024-07-08,19,2024-11-04,2026-08-03 16:50:14.299349,1.2.3
52,MD7659864151,Ingenico AXIUM DX8000,POS,Inactive,2021-07-21,2023-07-01,14,2024-07-21,2023-03-13 00:00:00.000000,2.0.1
172,MD5974862984,Ingenico AXIUM DX8000,POS,Active,2021-09-03,2023-10-08,17,2023-09-03,2026-07-22 16:50:14.299364,1.0.1
49,MD4635401207,Castles VEGA3000,POS,Active,2021-02-27,2022-09-21,4,2024-02-27,2026-08-14 16:50:14.299372,1.1.0
56,MD7588461588,PhonePe QR,QR,Damaged,2022-01-23,2022-04-24,12,2023-01-23,2023-11-03 00:00:00.000000,3.0.0
284,MD3200035472,PAX D180,mPOS,Active,2022-04-18,2024-04-08,2,2023-04-18,2026-08-05 16:50:14.299393,1.0.1
118,MD3533478486,Paytm Soundbox,SoundBox,Active,2023-10-15,2025-10-20,13,2026-10-15,2026-07-27 16:50:14.299401,1.0.1
216,MD2349022540,PhonePe SmartSpeaker,SoundBox,Active,2025-12-09,2026-08-04,12,2027-12-09,2026-08-12 16:50:14.299409,1.2.3
55,MD2555203377,Paytm QR,QR,Active,2025-12-06,2026-04-22,4,2027-12-06,2026-07-27 16:50:14.299417,1.2.3
96,MD4647091667,Ingenico AXIUM DX8000,POS,Active,2022-07-06,2026-06-22,10,2024-07-06,2026-07-21 16:50:14.299425,1.1.0
219,MD9838965722,Paytm QR,QR,Active,2022-02-19,2023-10-17,16,2024-02-19,2026-08-12 16:50:14.299433,1.1.0
38,MD7753337698,PhonePe QR,QR,Active,2023-01-16,2024-09-13,15,2026-01-16,2026-07-27 16:50:14.299441,2.1.0
285,MD4157245092,PhonePe QR,QR,Inactive,2022-06-30,,16,2024-06-30,2025-12-17 00:00:00.000000,1.2.3
238,MD5664208099,BharatPe QR,QR,Active,2024-11-13,2026-03-12,4,2025-11-13,2026-08-15 16:50:14.299455,1.2.3
27,MD2199308125,Ingenico AXIUM DX8000,POS,Under Maintenance,2023-06-25,,4,2025-06-25,2026-08-01 16:50:14.299464,1.2.3
281,MD7409033907,PAX A80,POS,Active,2024-07-21,2025-07-13,16,2026-07-21,2026-08-08 16:50:14.299473,2.3.1
183,MD7124971101,Castles VEGA3000,POS,Active,2025-12-06,,13,2028-12-06,2026-08-06 16:50:14.299479,1.0.1
54,MD1878070623,Verifone V240m,POS,Under Maintenance,2024-09-03,2025-04-13,12,2026-09-03,2026-07-19 16:50:14.299487,2.1.0
258,MD5509623838,Pine Labs mPOS,mPOS,Active,2022-01-30,,8,2023-01-30,2026-08-13 16:50:14.299494,1.2.3
130,MD4165748998,PAX A920,POS,Active,2023-06-21,2024-02-24,1,2025-06-21,2026-07-29 16:50:14.299501,2.0.1
58,MD2760489138,Pine Labs mPOS,mPOS,Inactive,2023-07-20,2024-11-24,16,2024-07-20,2025-02-01 00:00:00.000000,2.1.0
245,MD7048546945,Pine Labs mPOS,mPOS,Lost,2025-01-17,2025-12-28,12,2028-01-17,2025-08-18 00:00:00.000000,1.2.3
24,MD2878736955,Ingenico AXIUM DX8000,POS,Active,2026-04-15,2026-07-27,5,2027-04-15,2026-08-03 16:50:14.299525,2.0.1
93,MD2101120571,PhonePe QR,QR,Active,2025-04-29,,8,2028-04-29,2026-08-02 16:50:14.299531,1.2.3
72,MD2403427372,Pine Labs Soundbox,SoundBox,Active,2026-01-06,2026-04-20,16,2029-01-06,2026-07-21 16:50:14.299539,1.1.0
128,MD3650800850,PAX A80,POS,Active,2023-08-07,,7,2025-08-07,2026-08-13 16:50:14.299546,2.3.1
30,MD7642500774,PAX A920,POS,Active,2022-11-07,2023-09-21,12,2025-11-07,2026-08-09 16:50:14.299553,2.3.1
134,MD6624477168,Verifone mPOS,mPOS,Lost,2026-03-17,,2,2027-03-17,2026-07-12 00:00:00.000000,2.0.1
29,MD2364530710,Pine Labs Soundbox,SoundBox,Active,2026-06-26,2026-08-05,17,2028-06-26,2026-08-02 16:50:14.299567,1.1.0
38,MD3727302352,BharatPe Soundbox,SoundBox,Active,2025-01-21,2026-03-17,14,2026-01-21,2026-08-04 16:50:14.299575,2.0.1
123,MD6569174955,BharatPe QR,QR,Active,2022-01-27,2023-09-03,5,2023-01-27,2026-08-15 16:50:14.299582,3.0.0
232,MD5110499257,PAX A80,POS,Blocked,2025-12-23,2026-04-23,13,2026-12-23,2026-08-06 16:50:14.299591,2.0.1
296,MD3882635539,Pine Labs QR,QR,Under Maintenance,2025-01-19,,7,2026-01-19,2026-07-23 16:50:14.299598,2.0.1
280,MD8678284559,Pine Labs Soundbox,SoundBox,Active,2021-02-04,,18,2024-02-04,2026-07-28 16:50:14.299605,2.1.0
12,MD9795725731,PAX D180,mPOS,Active,2024-02-08,2025-03-29,12,2026-02-08,2026-08-03 16:50:14.299612,1.0.1
232,MD8236579635,Ingenico AXIUM DX8000,POS,Lost,2023-03-14,,7,2024-03-14,2024-01-20 00:00:00.000000,1.1.0
217,MD2150331518,PhonePe QR,QR,Active,2022-11-12,,17,2023-11-12,2026-07-17 16:50:14.299626,2.1.0
203,MD2996464394,Castles VEGA3000,POS,Inactive,2022-05-08,2024-02-11,16,2023-05-08,2024-01-27 00:00:00.000000,2.1.0
50,MD7922408152,Pine Labs QR,QR,Active,2021-08-20,2023-04-21,18,2022-08-20,2026-08-12 16:50:14.299642,1.2.3
63,MD8356586918,Verifone mPOS,mPOS,Active,2025-10-31,,6,2026-10-31,2026-07-27 16:50:14.299649,1.1.0
180,MD3175648172,BharatPe QR,QR,Active,2022-05-07,,2,2023-05-07,2026-08-01 16:50:14.299655,2.1.0
13,MD1358719509,PAX A80,POS,Active,2024-05-18,2024-07-09,16,2025-05-18,2026-08-11 16:50:14.299663,1.1.0
32,MD1243538462,Bharat QR Stand,QR,Active,2023-02-08,2025-11-20,1,2025-02-08,2026-07-17 16:50:14.299671,1.0.1
165,MD7178960605,Mswipe mPOS,mPOS,Active,2023-02-21,2025-07-01,11,2026-02-21,2026-07-21 16:50:14.299678,1.2.3
292,MD6736940765,Verifone V240m,POS,Active,2024-11-23,2026-01-04,1,2027-11-23,2026-08-14 16:50:14.299686,1.0.1
191,MD7519263522,Paytm QR,QR,Active,2022-08-17,2026-02-20,2,2024-08-17,2026-07-29 16:50:14.299693,2.1.0
281,MD8689310730,Castles VEGA3000,POS,Blocked,2022-10-15,2024-12-29,18,2023-10-15,2026-08-08 16:50:14.299700,1.2.3
283,MD7024194587,Bharat QR Stand,QR,Damaged,2022-08-21,2024-11-06,15,2024-08-21,2026-03-17 00:00:00.000000,3.0.0
275,MD3970467727,Pine Labs QR,QR,Active,2023-06-26,2023-10-23,10,2024-06-26,2026-08-10 16:50:14.299716,2.0.1
146,MD8840415939,Bharat QR Stand,QR,Active,2021-10-01,2022-10-15,15,2023-10-01,2026-07-20 16:50:14.299724,1.2.3
48,MD6155003897,PAX A80,POS,Active,2023-03-13,2024-10-30,1,2025-03-13,2026-08-09 16:50:14.299733,1.2.3
290,MD9144920099,BharatPe Soundbox,SoundBox,Active,2022-02-19,2023-03-14,4,2023-02-19,2026-08-10 16:50:14.299741,2.1.0
42,MD2933826415,Bharat QR Stand,QR,Active,2023-08-02,,4,2025-08-02,2026-07-25 16:50:14.299747,3.0.0
159,MD5664880511,Paytm QR,QR,Active,2025-11-12,,13,2027-11-12,2026-07-21 16:50:14.299754,1.1.0
287,MD1891714570,Paytm Soundbox,SoundBox,Active,2023-09-24,2024-04-23,13,2026-09-24,2026-08-02 16:50:14.299762,2.3.1
210,MD2107910403,Castles VEGA3000,POS,Inactive,2022-10-04,2024-06-12,12,2025-10-04,2024-09-02 00:00:00.000000,3.0.0
263,MD7652573801,Paytm Soundbox,SoundBox,Active,2022-01-04,2025-12-21,6,2025-01-04,2026-07-18 16:50:14.299778,2.1.0
143,MD1962182703,Ingenico AXIUM DX8000,POS,Active,2021-02-24,,20,2024-02-24,2026-08-07 16:50:14.299785,1.2.3
138,MD8290628307,PhonePe QR,QR,Inactive,2025-01-15,2026-06-01,4,2026-01-15,2025-02-23 00:00:00.000000,2.1.0
170,MD3259121333,Paytm Soundbox,SoundBox,Inactive,2025-03-21,2025-05-14,12,2026-03-21,2026-06-23 00:00:00.000000,1.2.3
78,MD1847056549,Pine Labs QR,QR,Active,2023-08-13,2026-03-11,15,2025-08-13,2026-08-12 16:50:14.299808,2.1.0
115,MD6949351876,PhonePe SmartSpeaker,SoundBox,Active,2024-05-31,2025-09-02,16,2026-05-31,2026-08-05 16:50:14.299823,2.0.1
60,MD2944157007,BharatPe QR,QR,Active,2021-08-10,2022-11-13,8,2023-08-10,2026-07-17 16:50:14.299831,1.2.3
75,MD2659795586,Bharat QR Stand,QR,Inactive,2025-04-28,2026-02-03,13,2028-04-28,2026-02-16 00:00:00.000000,2.3.1
271,MD6565855250,Verifone V240m,POS,Active,2023-03-26,2025-02-26,20,2026-03-26,2026-07-16 16:50:14.299846,1.2.3
19,MD6693847831,Castles VEGA3000,POS,Active,2022-02-05,2025-05-28,3,2025-02-05,2026-08-03 16:50:14.299853,2.0.1
90,MD2624543923,Pine Labs QR,QR,Active,2022-10-25,,16,2024-10-25,2026-08-11 16:50:14.299859,2.0.1
132,MD2795960586,Paytm Soundbox,SoundBox,Active,2022-11-22,2023-05-08,5,2025-11-22,2026-07-18 16:50:14.299866,1.0.1
273,MD5629244323,Pine Labs QR,QR,Active,2023-08-26,2025-04-13,18,2025-08-26,2026-07-18 16:50:14.299873,2.1.0
259,MD6185557746,PAX A80,POS,Active,2022-06-11,2025-05-24,9,2025-06-11,2026-07-30 16:50:14.299882,1.2.3
89,MD1653157133,Verifone V240m,POS,Active,2023-07-29,2024-01-27,7,2024-07-29,2026-08-07 16:50:14.299890,2.0.1
236,MD2127351155,Paytm QR,QR,Active,2025-09-18,2026-04-23,1,2027-09-18,2026-08-10 16:50:14.299898,2.0.1
148,MD5576879641,PAX A920,POS,Under Maintenance,2025-08-02,2026-07-16,20,2028-08-02,2026-07-21 16:50:14.299906,2.3.1
130,MD7320469170,Verifone V240m,POS,Active,2021-07-17,2025-06-16,9,2023-07-17,2026-07-26 16:50:14.299914,1.2.3
168,MD9621186470,Mswipe mPOS,mPOS,Active,2024-05-23,2024-12-14,5,2025-05-23,2026-07-30 16:50:14.299921,3.0.0
235,MD8281490730,Pine Labs QR,QR,Damaged,2023-01-09,2026-05-01,16,2024-01-09,2024-02-13 00:00:00.000000,2.0.1
123,MD1865115203,Pine Labs mPOS,mPOS,Active,2026-03-11,2026-07-24,14,2027-03-11,2026-07-19 16:50:14.299936,2.0.1
85,MD8794314869,Ingenico AXIUM DX8000,POS,Active,2022-07-06,2023-02-10,16,2024-07-06,2026-07-26 16:50:14.299943,1.1.0
88,MD8093536888,BharatPe QR,QR,Active,2025-01-09,,3,2027-01-09,2026-08-14 16:50:14.299950,2.0.1
202,MD3169656223,Ingenico AXIUM DX8000,POS,Active,2024-06-18,,5,2025-06-18,2026-08-10 16:50:14.299957,2.1.0
285,MD6617917841,Verifone mPOS,mPOS,Active,2024-07-31,2026-08-13,11,2026-07-31,2026-08-13 16:50:14.299964,1.0.1
146,MD5148415900,PAX A80,POS,Active,2025-07-29,,10,2028-07-29,2026-07-21 16:50:14.299972,2.1.0
202,MD2116976241,Paytm QR,QR,Blocked,2024-03-16,2024-05-01,14,2026-03-16,2026-07-23 16:50:14.299979,3.0.0
256,MD8645177425,Pine Labs mPOS,mPOS,Active,2023-06-11,2025-12-12,5,2025-06-11,2026-08-11 16:50:14.299986,1.0.1
36,MD4906645566,PAX A80,POS,Active,2024-12-17,,6,2026-12-17,2026-07-26 16:50:14.299992,1.1.0
155,MD7695768784,Paytm QR,QR,Active,2024-08-03,2025-07-08,1,2027-08-03,2026-08-10 16:50:14.300000,3.0.0
240,MD3264703993,Verifone V240m,POS,Active,2024-03-10,,16,2026-03-10,2026-07-22 16:50:14.300006,1.1.0
189,MD4026158550,Castles VEGA3000,POS,Active,2023-10-07,2025-02-13,12,2024-10-07,2026-08-10 16:50:14.300014,2.0.1
255,MD1930316997,Castles VEGA3000,POS,Active,2025-08-31,2026-03-09,11,2027-08-31,2026-07-21 16:50:14.300021,2.1.0
205,MD4778656242,Pine Labs Soundbox,SoundBox,Active,2021-08-12,,17,2022-08-12,2026-08-08 16:50:14.300027,1.2.3
287,MD6790791312,Verifone V240m,POS,Active,2024-07-11,2025-04-01,4,2026-07-11,2026-08-06 16:50:14.300035,2.3.1
41,MD6618776316,PhonePe QR,QR,Active,2021-01-19,2022-09-03,7,2023-01-19,2026-08-03 16:50:14.300043,2.0.1
254,MD4750034784,Mswipe mPOS,mPOS,Active,2021-11-03,2024-10-21,2,2024-11-03,2026-07-30 16:50:14.300051,2.0.1
189,MD9024677674,BharatPe Soundbox,SoundBox,Active,2024-12-12,2025-11-24,4,2026-12-12,2026-07-25 16:50:14.300059,3.0.0
110,MD4547578848,Bharat QR Stand,QR,Active,2022-05-21,,9,2023-05-21,2026-07-26 16:50:14.300066,1.2.3
294,MD5430318126,Verifone V240m,POS,Inactive,2025-09-12,2025-11-11,7,2026-09-12,2026-07-20 00:00:00.000000,3.0.0
121,MD7896454407,PAX A920,POS,Active,2022-04-21,2023-11-25,5,2023-04-21,2026-08-07 16:50:14.300080,3.0.0
217,MD9934930764,PhonePe QR,QR,Active,2024-02-07,2025-10-14,20,2027-02-07,2026-07-27 16:50:14.300087,1.2.3
46,MD4002047629,Paytm Soundbox,SoundBox,Lost,2022-01-08,,8,2025-01-08,2023-05-30 00:00:00.000000,1.2.3
175,MD8162084376,Mswipe mPOS,mPOS,Inactive,2021-12-19,2026-06-29,9,2022-12-19,2026-04-23 00:00:00.000000,3.0.0
284,MD1423019153,PAX A920,POS,Active,2024-10-26,,11,2025-10-26,2026-08-05 16:50:14.300110,2.3.1
184,MD7635970643,PAX A920,POS,Active,2023-07-25,2025-10-26,17,2025-07-25,2026-07-21 16:50:14.300120,1.0.1
157,MD9857745373,BharatPe Soundbox,SoundBox,Active,2021-01-26,2025-08-21,3,2022-01-26,2026-08-12 16:50:14.300128,1.1.0
273,MD8319813847,PhonePe QR,QR,Under Maintenance,2021-12-27,2026-04-30,12,2023-12-27,2026-07-29 16:50:14.300135,1.1.0
37,MD3020033763,BharatPe QR,QR,Active,2026-06-19,2026-08-08,15,2027-06-19,2026-08-09 16:50:14.300142,2.1.0
272,MD4449952213,Pine Labs Soundbox,SoundBox,Active,2023-07-01,2025-10-26,10,2026-07-01,2026-07-27 16:50:14.300150,2.3.1
231,MD8578898351,Mswipe mPOS,mPOS,Under Maintenance,2022-08-10,,3,2024-08-10,2026-08-04 16:50:14.300156,1.2.3
156,MD7931219433,Castles VEGA3000,POS,Active,2024-05-20,2026-03-29,9,2027-05-20,2026-08-09 16:50:14.300164,1.1.0
282,MD3403550550,BharatPe Soundbox,SoundBox,Active,2024-04-23,2025-06-06,19,2026-04-23,2026-08-12 16:50:14.300171,2.1.0
216,MD1409916551,Pine Labs QR,QR,Damaged,2023-10-31,2023-12-08,15,2025-10-31,2026-01-14 00:00:00.000000,1.0.1
74,MD7675845214,Mswipe mPOS,mPOS,Active,2024-03-02,,11,2027-03-02,2026-07-26 16:50:14.300185,1.0.1
211,MD1136227185,Verifone V240m,POS,Inactive,2025-09-20,2026-04-01,7,2027-09-20,2026-03-11 00:00:00.000000,2.3.1
245,MD4683744484,PAX A920,POS,Active,2025-08-08,,15,2027-08-08,2026-07-28 16:50:14.300201,1.1.0
192,MD3683729369,Ingenico AXIUM DX8000,POS,Blocked,2023-07-25,2024-01-06,8,2024-07-25,2026-08-01 16:50:14.300208,2.1.0
43,MD1410717438,Pine Labs mPOS,mPOS,Under Maintenance,2023-05-19,,18,2024-05-19,2026-07-31 16:50:14.300215,2.1.0
86,MD1903974610,Pine Labs QR,QR,Active,2023-08-30,2023-11-25,4,2026-08-30,2026-07-16 16:50:14.300223,1.2.3
262,MD3289480969,Pine Labs QR,QR,Active,2025-12-08,2026-05-21,7,2028-12-08,2026-07-27 16:50:14.300230,1.2.3
86,MD5343326920,Castles VEGA3000,POS,Active,2022-10-06,2024-10-29,15,2025-10-06,2026-07-27 16:50:14.300237,2.0.1
232,MD5348628338,Verifone mPOS,mPOS,Active,2024-11-28,2026-08-06,9,2025-11-28,2026-07-22 16:50:14.300245,1.0.1
130,MD8838832867,PAX A920,POS,Under Maintenance,2021-10-26,2025-08-21,19,2024-10-26,2026-07-20 16:50:14.300252,2.0.1
186,MD9847354921,BharatPe Soundbox,SoundBox,Active,2023-11-06,2024-01-13,1,2024-11-06,2026-07-18 16:50:14.300260,3.0.0
267,MD6321132083,Pine Labs Soundbox,SoundBox,Active,2025-10-11,2025-12-06,7,2026-10-11,2026-08-14 16:50:14.300269,2.3.1
93,MD4376370294,Ingenico AXIUM DX8000,POS,Active,2023-01-13,2026-06-13,7,2025-01-13,2026-08-11 16:50:14.300276,2.1.0
168,MD4025817814,Paytm QR,QR,Active,2025-11-29,2026-02-13,20,2027-11-29,2026-08-05 16:50:14.300284,2.0.1
289,MD2836420710,PAX A920,POS,Active,2024-11-14,2025-05-17,1,2026-11-14,2026-08-14 16:50:14.300291,2.1.0
26,MD1814840951,Pine Labs mPOS,mPOS,Active,2025-10-16,2026-04-26,14,2027-10-16,2026-08-15 16:50:14.300298,2.0.1
49,MD8921788518,PAX A920,POS,Active,2021-01-20,,14,2024-01-20,2026-08-10 16:50:14.300305,2.0.1
241,MD6670248997,BharatPe Soundbox,SoundBox,Active,2023-05-08,2026-07-05,6,2026-05-08,2026-07-27 16:50:14.300312,1.2.3
288,MD8722136776,Pine Labs Soundbox,SoundBox,Active,2022-01-12,2025-09-02,16,2024-01-12,2026-07-17 16:50:14.300319,2.1.0
61,MD4649901207,Paytm QR,QR,Active,2023-04-08,2025-06-08,20,2024-04-08,2026-07-24 16:50:14.300327,1.2.3
206,MD3334202587,BharatPe QR,QR,Blocked,2023-06-25,2025-11-04,16,2024-06-25,2026-07-30 16:50:14.300334,2.3.1
127,MD4271907370,Paytm Soundbox,SoundBox,Active,2021-03-07,,2,2023-03-07,2026-07-27 16:50:14.300349,2.3.1
110,MD9048528506,PhonePe QR,QR,Inactive,2026-04-09,2026-06-30,17,2029-04-09,2026-07-18 00:00:00.000000,2.1.0
214,MD5436548101,PAX D180,mPOS,Active,2026-06-25,2026-08-07,15,2028-06-25,2026-07-26 16:50:14.300364,2.0.1
266,MD1945546236,PAX A920,POS,Active,2025-03-27,,14,2027-03-27,2026-07-30 16:50:14.300371,1.2.3
163,MD1102319349,Castles VEGA3000,POS,Active,2025-01-25,2026-08-08,8,2026-01-25,2026-08-11 16:50:14.300379,1.0.1
99,MD1141915623,Paytm Soundbox,SoundBox,Under Maintenance,2023-12-01,2024-05-21,5,2024-12-01,2026-08-12 16:50:14.300386,1.0.1
177,MD3963497989,PAX A80,POS,Active,2024-06-13,2024-09-27,20,2025-06-13,2026-08-12 16:50:14.300393,2.1.0
228,MD9672771984,Bharat QR Stand,QR,Active,2026-06-16,,8,2029-06-16,2026-08-06 16:50:14.300400,2.0.1
71,MD8132664570,Pine Labs mPOS,mPOS,Active,2024-06-15,2026-02-19,2,2026-06-15,2026-08-02 16:50:14.300408,1.2.3
244,MD3665728927,Verifone V240m,POS,Active,2022-03-07,2022-04-17,14,2025-03-07,2026-08-04 16:50:14.300416,1.0.1
234,MD1426209228,Ingenico AXIUM DX8000,POS,Active,2025-09-21,,17,2028-09-21,2026-07-25 16:50:14.300424,1.1.0
89,MD5971259442,BharatPe Soundbox,SoundBox,Active,2022-09-15,2024-04-23,14,2023-09-15,2026-07-21 16:50:14.300433,2.3.1
296,MD3599829107,Verifone V240m,POS,Active,2021-12-07,2025-05-12,16,2022-12-07,2026-07-27 16:50:14.300440,2.1.0
237,MD9828140428,Pine Labs QR,QR,Active,2023-08-01,2024-08-20,10,2024-08-01,2026-07-17 16:50:14.300448,1.0.1
137,MD8478029081,PAX A920,POS,Blocked,2023-11-22,2026-04-10,19,2025-11-22,2026-07-29 16:50:14.300456,1.0.1
3,MD3815733151,BharatPe Soundbox,SoundBox,Active,2025-01-26,,5,2027-01-26,2026-07-31 16:50:14.300463,2.0.1
132,MD6572355693,BharatPe QR,QR,Active,2026-06-28,2026-08-01,8,2028-06-28,2026-08-06 16:50:14.300471,3.0.0
80,MD7095133032,Pine Labs mPOS,mPOS,Active,2021-10-05,2025-07-07,15,2024-10-05,2026-07-30 16:50:14.300479,1.2.3
203,MD6168879715,Paytm QR,QR,Lost,2023-12-25,2025-10-22,9,2024-12-25,2025-10-07 00:00:00.000000,1.0.1
33,MD6702577884,PAX A80,POS,Active,2024-01-24,,9,2025-01-24,2026-07-22 16:50:14.300494,2.0.1
276,MD1898089814,Pine Labs Soundbox,SoundBox,Active,2025-09-14,,3,2026-09-14,2026-07-26 16:50:14.300502,1.1.0
209,MD6401811462,Pine Labs Soundbox,SoundBox,Active,2025-04-04,2025-08-12,4,2028-04-04,2026-08-09 16:50:14.300510,2.3.1
26,MD4317835774,Castles VEGA3000,POS,Active,2022-01-25,,2,2024-01-25,2026-08-11 16:50:14.300517,1.2.3
151,MD1536645825,Bharat QR Stand,QR,Blocked,2026-02-22,2026-04-19,8,2027-02-22,2026-07-24 16:50:14.300526,1.0.1
136,MD4565575785,BharatPe Soundbox,SoundBox,Active,2025-11-21,2026-02-09,8,2026-11-21,2026-08-09 16:50:14.300534,3.0.0
47,MD8970117579,PhonePe SmartSpeaker,SoundBox,Active,2023-04-02,2024-05-08,12,2025-04-02,2026-07-22 16:50:14.300541,2.0.1
259,MD5352437465,BharatPe Soundbox,SoundBox,Active,2022-03-17,2023-12-05,20,2025-03-17,2026-08-07 16:50:14.300549,2.0.1
175,MD2155983953,Paytm QR,QR,Active,2026-05-20,2026-07-21,6,2028-05-20,2026-08-01 16:50:14.300556,2.0.1
207,MD3862360770,Verifone V240m,POS,Active,2021-10-26,2022-12-01,15,2022-10-26,2026-08-09 16:50:14.300564,1.2.3
129,MD5259585363,BharatPe QR,QR,Active,2026-05-07,2026-07-11,8,2027-05-07,2026-08-09 16:50:14.300572,2.1.0
207,MD9219474057,Paytm Soundbox,SoundBox,Damaged,2025-08-13,2025-10-09,18,2028-08-13,2025-12-04 00:00:00.000000,2.1.0
46,MD3486184143,Pine Labs QR,QR,Active,2021-04-20,2025-06-07,18,2023-04-20,2026-08-01 16:50:14.300588,2.1.0
50,MD6427681435,PhonePe QR,QR,Lost,2022-11-02,2025-04-10,1,2024-11-02,2024-09-30 00:00:00.000000,2.3.1
280,MD1423723391,BharatPe QR,QR,Blocked,2022-01-21,,19,2023-01-21,2026-08-04 16:50:14.300604,1.0.1
106,MD4481489541,Verifone V240m,POS,Active,2022-12-08,2026-07-02,15,2023-12-08,2026-08-02 16:50:14.300611,1.1.0
162,MD5606062150,Pine Labs Soundbox,SoundBox,Active,2024-10-03,2025-07-20,3,2025-10-03,2026-07-18 16:50:14.300619,2.1.0
71,MD5512318930,BharatPe QR,QR,Active,2025-10-24,2026-08-03,3,2028-10-24,2026-08-01 16:50:14.300626,1.0.1
4,MD6277234035,BharatPe Soundbox,SoundBox,Active,2024-05-17,,7,2027-05-17,2026-07-22 16:50:14.300633,1.0.1
50,MD4842322992,PhonePe QR,QR,Active,2023-05-09,2024-09-30,15,2024-05-09,2026-07-24 16:50:14.300640,1.2.3
160,MD4002827388,Verifone V240m,POS,Active,2025-01-31,,14,2027-01-31,2026-08-04 16:50:14.300647,2.0.1
138,MD1551658598,Ingenico AXIUM DX8000,POS,Active,2023-10-28,2024-10-03,14,2026-10-28,2026-08-09 16:50:14.300655,1.1.0
269,MD3540679219,Castles VEGA3000,POS,Active,2024-07-21,2024-10-31,1,2026-07-21,2026-08-14 16:50:14.300663,2.3.1
162,MD4254034287,BharatPe Soundbox,SoundBox,Active,2025-05-04,2026-02-03,1,2028-05-04,2026-08-01 16:50:14.300670,1.2.3
233,MD4558010208,Paytm QR,QR,Active,2021-01-09,2021-08-29,4,2024-01-09,2026-07-27 16:50:14.300678,2.0.1
296,MD4270136946,PAX A920,POS,Active,2026-03-23,2026-05-19,4,2028-03-23,2026-07-31 16:50:14.300685,1.2.3
29,MD5847404565,BharatPe Soundbox,SoundBox,Active,2024-08-18,2026-01-19,14,2025-08-18,2026-07-17 16:50:14.300693,1.0.1
16,MD4168908600,Paytm Soundbox,SoundBox,Active,2025-05-20,,12,2027-05-20,2026-08-15 16:50:14.300700,2.3.1
199,MD6537895788,Mswipe mPOS,mPOS,Active,2022-04-05,2025-06-08,1,2024-04-05,2026-07-31 16:50:14.300709,3.0.0
17,MD9127143454,Pine Labs Soundbox,SoundBox,Active,2023-07-22,2023-12-07,18,2024-07-22,2026-08-03 16:50:14.300716,2.3.1
261,MD1487073457,PhonePe SmartSpeaker,SoundBox,Active,2022-08-25,2025-02-27,5,2024-08-25,2026-07-23 16:50:14.300724,3.0.0
263,MD2570006294,Pine Labs Soundbox,SoundBox,Inactive,2021-02-13,,16,2023-02-13,2024-08-10 00:00:00.000000,1.1.0
113,MD2658331461,Pine Labs Soundbox,SoundBox,Active,2021-11-19,2024-02-11,15,2022-11-19,2026-07-20 16:50:14.300740,1.1.0
287,MD5702274235,Castles VEGA3000,POS,Active,2026-04-18,2026-08-03,16,2029-04-18,2026-08-04 16:50:14.300748,2.1.0
116,MD6264567989,Ingenico AXIUM DX8000,POS,Active,2026-01-30,2026-05-13,3,2029-01-30,2026-08-12 16:50:14.300756,1.0.1
90,MD2457688806,Ingenico AXIUM DX8000,POS,Active,2023-02-19,2025-11-29,15,2024-02-19,2026-07-21 16:50:14.300764,2.0.1
92,MD8776976481,PAX A80,POS,Active,2022-09-03,,20,2024-09-03,2026-07-31 16:50:14.300771,2.3.1
142,MD9074481800,BharatPe QR,QR,Active,2021-08-19,,16,2022-08-19,2026-07-17 16:50:14.300777,1.1.0
165,MD8286357233,Verifone V240m,POS,Active,2025-09-22,2026-03-10,5,2027-09-22,2026-07-26 16:50:14.300785,2.0.1
70,MD3352848244,Mswipe mPOS,mPOS,Active,2024-12-28,,5,2025-12-28,2026-07-22 16:50:14.300791,2.0.1
228,MD5100223133,BharatPe Soundbox,SoundBox,Active,2024-09-01,2026-04-26,10,2025-09-01,2026-08-14 16:50:14.300799,1.2.3
209,MD2773169723,BharatPe QR,QR,Active,2023-10-13,2025-12-21,12,2026-10-13,2026-07-16 16:50:14.300807,2.0.1
64,MD5110536284,Pine Labs mPOS,mPOS,Active,2022-02-24,2025-12-15,4,2025-02-24,2026-07-26 16:50:14.300815,2.3.1
42,MD7626711098,PhonePe QR,QR,Active,2023-07-27,,1,2026-07-27,2026-07-28 16:50:14.300822,1.0.1
92,MD8952089897,PAX A80,POS,Active,2024-01-04,2026-03-03,20,2027-01-04,2026-07-27 16:50:14.300830,2.1.0
48,MD2627793007,Paytm QR,QR,Active,2021-01-03,2026-04-12,19,2023-01-03,2026-08-04 16:50:14.300837,1.0.1
279,MD6269620548,Pine Labs QR,QR,Active,2021-03-05,2021-05-09,11,2022-03-05,2026-07-21 16:50:14.300845,1.0.1
34,MD3962554216,Verifone mPOS,mPOS,Active,2021-03-05,2024-10-28,19,2023-03-05,2026-07-21 16:50:14.300853,1.2.3
28,MD6257934876,Verifone mPOS,mPOS,Active,2022-01-21,2026-01-21,4,2023-01-21,2026-07-31 16:50:14.300860,2.1.0
2,MD1956942949,Verifone V240m,POS,Inactive,2024-07-07,2026-03-22,8,2027-07-07,2026-01-22 00:00:00.000000,3.0.0
113,MD7140130638,BharatPe QR,QR,Active,2025-01-28,2026-07-09,1,2028-01-28,2026-07-26 16:50:14.300876,1.2.3
269,MD7130711429,Pine Labs mPOS,mPOS,Active,2024-11-13,2025-10-19,2,2027-11-13,2026-07-16 16:50:14.300884,1.1.0
6,MD7900526596,BharatPe QR,QR,Damaged,2025-10-25,2026-03-16,9,2026-10-25,2025-11-08 00:00:00.000000,1.1.0
214,MD5197480136,BharatPe QR,QR,Active,2024-02-10,2024-09-17,17,2027-02-10,2026-07-25 16:50:14.300899,3.0.0
125,MD2405617727,Mswipe mPOS,mPOS,Active,2024-10-13,2025-02-06,18,2027-10-13,2026-07-31 16:50:14.300908,3.0.0
120,MD3479121501,Paytm QR,QR,Active,2021-01-08,2024-03-22,7,2024-01-08,2026-08-05 16:50:14.300916,3.0.0
147,MD2731096853,Mswipe mPOS,mPOS,Active,2025-07-24,2025-10-27,15,2026-07-24,2026-08-13 16:50:14.300923,1.1.0
81,MD7288932875,Verifone V240m,POS,Active,2022-02-12,2026-02-21,7,2024-02-12,2026-08-06 16:50:14.300931,1.1.0
67,MD2273604310,PhonePe QR,QR,Inactive,2025-10-07,2026-06-06,20,2028-10-07,2026-02-16 00:00:00.000000,3.0.0
9,MD9152905488,PAX A920,POS,Active,2026-03-01,2026-06-06,8,2027-03-01,2026-07-17 16:50:14.300946,1.2.3
194,MD7646245299,Ingenico AXIUM DX8000,POS,Active,2025-01-12,2026-04-11,8,2027-01-12,2026-08-10 16:50:14.300954,3.0.0
59,MD6340630716,PAX D180,mPOS,Active,2021-06-04,2022-05-25,8,2023-06-04,2026-08-11 16:50:14.300963,2.0.1
219,MD4133608274,PAX A920,POS,Active,2024-10-05,2026-04-23,11,2026-10-05,2026-08-11 16:50:14.300970,2.3.1
131,MD1090427274,Bharat QR Stand,QR,Damaged,2021-09-27,2021-11-01,13,2024-09-27,2025-07-12 00:00:00.000000,2.1.0
134,MD9210479611,Castles VEGA3000,POS,Active,2023-08-27,2025-07-06,6,2024-08-27,2026-07-16 16:50:14.300985,1.0.1
42,MD1968409100,PAX A80,POS,Active,2025-11-14,2026-06-09,5,2026-11-14,2026-08-14 16:50:14.300993,2.0.1
104,MD6606026545,PAX A80,POS,Active,2026-02-07,2026-04-03,1,2029-02-07,2026-07-31 16:50:14.301001,2.1.0
136,MD2082111646,PAX A80,POS,Active,2024-08-04,2026-01-15,16,2026-08-04,2026-07-27 16:50:14.301008,2.1.0
239,MD6444130284,Bharat QR Stand,QR,Active,2026-06-15,2026-07-20,16,2028-06-15,2026-08-01 16:50:14.301017,2.1.0
14,MD9921596994,BharatPe QR,QR,Active,2023-04-06,2026-01-02,1,2026-04-06,2026-08-06 16:50:14.301024,2.3.1
257,MD8000685397,PAX A920,POS,Inactive,2023-03-23,,17,2025-03-23,2024-02-06 00:00:00.000000,2.3.1
110,MD1796947884,PhonePe QR,QR,Active,2025-12-22,2026-05-08,11,2027-12-22,2026-08-10 16:50:14.301040,2.1.0
294,MD3256982576,Pine Labs mPOS,mPOS,Inactive,2023-11-07,2026-04-20,16,2026-11-07,2024-09-08 00:00:00.000000,1.2.3
286,MD7361213956,Bharat QR Stand,QR,Active,2025-10-18,2025-12-17,15,2028-10-18,2026-08-05 16:50:14.301055,2.0.1
189,MD1370971763,BharatPe Soundbox,SoundBox,Active,2023-10-22,2024-02-03,14,2024-10-22,2026-08-11 16:50:14.301062,2.1.0
68,MD3389961738,Castles VEGA3000,POS,Active,2023-06-17,2024-05-14,20,2024-06-17,2026-07-23 16:50:14.301069,2.0.1
100,MD7553908099,Pine Labs Soundbox,SoundBox,Under Maintenance,2026-03-18,2026-07-12,9,2029-03-18,2026-08-03 16:50:14.301078,2.3.1
21,MD1010104254,Verifone mPOS,mPOS,Active,2024-06-17,,6,2025-06-17,2026-07-21 16:50:14.301084,2.0.1
114,MD4813839270,BharatPe QR,QR,Active,2021-05-12,2023-02-02,7,2022-05-12,2026-07-27 16:50:14.301093,1.1.0
207,MD8669311999,BharatPe QR,QR,Active,2023-10-18,2025-12-08,11,2025-10-18,2026-08-14 16:50:14.301100,2.0.1
66,MD8478530571,PhonePe SmartSpeaker,SoundBox,Active,2024-10-22,2025-10-01,20,2027-10-22,2026-08-01 16:50:14.301108,2.3.1
168,MD7343228431,PAX A80,POS,Active,2021-04-07,2025-10-21,19,2022-04-07,2026-07-16 16:50:14.301116,2.1.0
178,MD7084805890,BharatPe QR,QR,Active,2024-09-17,2026-07-12,17,2025-09-17,2026-08-15 16:50:14.301123,2.1.0
36,MD3353524770,PhonePe QR,QR,Active,2024-10-04,,20,2027-10-04,2026-08-02 16:50:14.301130,3.0.0
92,MD1461845971,PAX A920,POS,Active,2025-05-14,2025-06-14,9,2026-05-14,2026-07-29 16:50:14.301137,2.1.0
78,MD2240786266,Verifone V240m,POS,Inactive,2025-06-28,2026-03-30,5,2026-06-28,2026-08-06 00:00:00.000000,2.1.0
150,MD5625815387,Castles VEGA3000,POS,Blocked,2025-01-27,2026-04-27,12,2026-01-27,2026-07-29 16:50:14.301153,2.3.1
89,MD3636097108,PAX A80,POS,Active,2023-04-15,2024-02-12,20,2026-04-15,2026-08-14 16:50:14.301160,1.1.0
262,MD2194338169,Pine Labs QR,QR,Active,2024-08-08,2026-07-28,2,2027-08-08,2026-07-29 16:50:14.301168,2.0.1
29,MD1412835908,BharatPe Soundbox,SoundBox,Active,2021-04-13,,8,2023-04-13,2026-08-06 16:50:14.301175,1.0.1
52,MD6611282102,BharatPe Soundbox,SoundBox,Active,2025-10-31,2026-02-09,4,2028-10-31,2026-07-21 16:50:14.301182,2.0.1
195,MD4850001245,BharatPe Soundbox,SoundBox,Inactive,2025-09-22,2025-11-23,13,2026-09-22,2025-10-25 00:00:00.000000,1.1.0
128,MD9621181972,Ingenico AXIUM DX8000,POS,Active,2023-04-14,2025-01-06,10,2026-04-14,2026-07-24 16:50:14.301199,1.2.3
206,MD4705021696,PhonePe QR,QR,Active,2024-05-29,,6,2027-05-29,2026-07-18 16:50:14.301205,2.3.1
11,MD3373164062,Pine Labs Soundbox,SoundBox,Active,2021-10-08,2026-05-01,5,2022-10-08,2026-07-17 16:50:14.301212,2.1.0
131,MD3521374835,PAX A920,POS,Damaged,2024-01-07,2025-06-12,3,2026-01-07,2024-02-13 00:00:00.000000,1.0.1
144,MD6495138704,Bharat QR Stand,QR,Active,2021-08-26,2022-07-25,5,2022-08-26,2026-07-19 16:50:14.301227,2.1.0
129,MD9771377046,PAX A920,POS,Active,2021-04-13,2025-11-13,16,2023-04-13,2026-07-28 16:50:14.301235,1.2.3
297,MD3279376512,PhonePe QR,QR,Active,2021-06-21,2026-01-16,15,2023-06-21,2026-08-01 16:50:14.301242,2.3.1
212,MD9569155390,Verifone V240m,POS,Active,2021-01-20,,17,2022-01-20,2026-08-13 16:50:14.301248,2.3.1
264,MD8197505329,BharatPe Soundbox,SoundBox,Active,2026-01-08,2026-06-26,1,2027-01-08,2026-07-21 16:50:14.301256,2.1.0
149,MD3361032345,PAX A80,POS,Active,2021-09-03,2025-05-27,1,2023-09-03,2026-07-27 16:50:14.301265,2.1.0
211,MD6041282729,Paytm Soundbox,SoundBox,Active,2022-09-19,2024-06-04,8,2023-09-19,2026-07-24 16:50:14.301272,2.1.0
99,MD2445667561,PAX A80,POS,Active,2024-04-12,2025-03-09,12,2026-04-12,2026-07-20 16:50:14.301280,1.2.3
240,MD4058229739,BharatPe QR,QR,Active,2026-01-20,2026-05-20,13,2028-01-20,2026-07-16 16:50:14.301287,3.0.0
268,MD5308023207,BharatPe Soundbox,SoundBox,Active,2026-06-20,2026-07-26,16,2027-06-20,2026-07-24 16:50:14.301294,1.0.1
185,MD7430606265,Verifone V240m,POS,Inactive,2024-01-20,2026-02-07,3,2025-01-20,2025-08-18 00:00:00.000000,3.0.0
16,MD1174069501,PhonePe QR,QR,Active,2024-03-25,2026-02-18,1,2026-03-25,2026-08-13 16:50:14.301309,2.3.1
62,MD5175258172,Castles VEGA3000,POS,Damaged,2023-11-28,2026-02-21,2,2025-11-28,2026-08-05 00:00:00.000000,1.2.3
50,MD1055801223,Pine Labs Soundbox,SoundBox,Active,2022-06-12,2023-08-14,11,2025-06-12,2026-07-27 16:50:14.301324,2.0.1
202,MD2541651559,Castles VEGA3000,POS,Active,2025-06-23,,7,2028-06-23,2026-07-20 16:50:14.301332,1.2.3
201,MD2234478341,Pine Labs Soundbox,SoundBox,Active,2022-01-15,2023-08-28,20,2025-01-15,2026-07-29 16:50:14.301341,2.0.1
82,MD5845266559,BharatPe QR,QR,Active,2024-04-08,2024-12-29,11,2026-04-08,2026-08-03 16:50:14.301423,1.0.1
236,MD6371410272,Verifone V240m,POS,Active,2025-07-14,2026-07-24,9,2026-07-14,2026-07-25 16:50:14.301432,2.1.0
39,MD9196343600,Pine Labs QR,QR,Active,2024-12-20,2025-05-03,6,2025-12-20,2026-07-31 16:50:14.301439,2.0.1
292,MD1242074432,PAX A80,POS,Active,2024-11-20,2025-01-13,12,2026-11-20,2026-07-28 16:50:14.301448,1.2.3
59,MD4793553406,Ingenico AXIUM DX8000,POS,Active,2021-02-09,2022-10-23,7,2023-02-09,2026-07-20 16:50:14.301456,1.2.3
60,MD7890420459,PhonePe QR,QR,Active,2025-02-13,2026-01-28,16,2026-02-13,2026-07-17 16:50:14.301465,2.0.1
59,MD4782943944,Bharat QR Stand,QR,Active,2024-11-28,,1,2025-11-28,2026-07-27 16:50:14.301472,1.2.3
291,MD4749261963,Ingenico AXIUM DX8000,POS,Damaged,2024-07-29,2026-02-01,5,2026-07-29,2024-11-30 00:00:00.000000,3.0.0
188,MD9307127052,BharatPe QR,QR,Active,2021-03-10,2024-10-31,5,2024-03-10,2026-08-06 16:50:14.301490,3.0.0
82,MD2315829279,PhonePe SmartSpeaker,SoundBox,Lost,2024-04-11,2024-05-15,11,2027-04-11,2025-03-16 00:00:00.000000,1.1.0
285,MD9282653501,PAX A80,POS,Active,2024-06-04,,7,2027-06-04,2026-08-13 16:50:14.301506,2.0.1
141,MD5229712592,BharatPe QR,QR,Active,2021-03-28,,18,2022-03-28,2026-07-27 16:50:14.301514,1.1.0
50,MD4502404428,PhonePe SmartSpeaker,SoundBox,Damaged,2023-09-18,2025-01-03,15,2024-09-18,2025-07-06 00:00:00.000000,2.3.1
186,MD5706774500,Verifone V240m,POS,Active,2021-02-01,,17,2023-02-01,2026-08-03 16:50:14.301529,2.3.1
136,MD7018974302,Pine Labs Soundbox,SoundBox,Under Maintenance,2024-10-21,2025-10-12,15,2025-10-21,2026-07-28 16:50:14.301536,3.0.0
58,MD5852489835,PAX A920,POS,Active,2022-01-14,2023-10-31,11,2023-01-14,2026-07-27 16:50:14.301544,2.3.1
203,MD9693828517,Paytm Soundbox,SoundBox,Active,2024-08-17,,1,2027-08-17,2026-08-03 16:50:14.301551,3.0.0
82,MD2381284612,Pine Labs QR,QR,Active,2024-07-05,2025-04-26,16,2027-07-05,2026-07-20 16:50:14.301559,2.0.1
212,MD3215411401,Bharat QR Stand,QR,Active,2022-12-22,,8,2025-12-22,2026-08-01 16:50:14.301566,2.3.1
268,MD5636866517,BharatPe Soundbox,SoundBox,Active,2022-05-06,2024-12-30,6,2025-05-06,2026-08-14 16:50:14.301574,2.3.1
266,MD3970264811,PhonePe SmartSpeaker,SoundBox,Inactive,2023-10-15,2024-10-23,1,2024-10-15,2024-03-20 00:00:00.000000,1.1.0
266,MD4651229649,Verifone V240m,POS,Active,2024-10-09,2025-02-21,6,2026-10-09,2026-07-30 16:50:14.301590,2.1.0
248,MD6736893821,PhonePe SmartSpeaker,SoundBox,Active,2023-07-07,,3,2026-07-07,2026-08-03 16:50:14.301597,2.0.1
20,MD7985245629,Pine Labs Soundbox,SoundBox,Under Maintenance,2025-11-08,2026-06-19,3,2028-11-08,2026-07-22 16:50:14.301605,1.0.1
140,MD4281388968,PhonePe QR,QR,Active,2023-02-21,2026-03-11,10,2025-02-21,2026-08-01 16:50:14.301613,2.1.0
256,MD5999289036,Paytm QR,QR,Under Maintenance,2023-09-29,2025-09-29,18,2025-09-29,2026-08-07 16:50:14.301620,2.1.0
80,MD7261196290,Castles VEGA3000,POS,Active,2023-10-27,2025-03-19,16,2024-10-27,2026-07-31 16:50:14.301628,1.0.1
51,MD1298885483,Ingenico AXIUM DX8000,POS,Active,2024-01-15,2024-10-02,19,2027-01-15,2026-07-19 16:50:14.301635,3.0.0
285,MD5670221553,Ingenico AXIUM DX8000,POS,Under Maintenance,2022-08-23,2025-11-06,9,2024-08-23,2026-07-17 16:50:14.301644,3.0.0
23,MD7677105727,Castles VEGA3000,POS,Active,2021-08-16,2022-11-13,12,2023-08-16,2026-07-19 16:50:14.301653,2.1.0
82,MD8599291116,PAX A80,POS,Active,2025-02-01,,11,2026-02-01,2026-07-16 16:50:14.301661,1.1.0
4,MD5182545854,Verifone V240m,POS,Active,2023-08-14,2024-11-23,8,2025-08-14,2026-07-20 16:50:14.301669,1.0.1
215,MD6649111878,PAX A920,POS,Active,2025-12-12,2026-04-30,17,2026-12-12,2026-08-13 16:50:14.301676,2.3.1
290,MD7882064525,Bharat QR Stand,QR,Active,2025-06-30,2025-10-05,13,2027-06-30,2026-07-16 16:50:14.301684,3.0.0
38,MD9949042743,Pine Labs mPOS,mPOS,Inactive,2023-04-17,2024-10-23,15,2024-04-17,2024-05-06 00:00:00.000000,2.1.0
82,MD2357425680,Ingenico AXIUM DX8000,POS,Active,2023-11-10,,17,2026-11-10,2026-08-09 16:50:14.301698,2.3.1
47,MD2646106107,PAX A920,POS,Active,2024-09-04,2026-05-07,13,2026-09-04,2026-07-19 16:50:14.301706,1.1.0
268,MD1197407522,PAX A80,POS,Active,2025-04-09,2025-08-16,5,2027-04-09,2026-08-02 16:50:14.301713,2.0.1
140,MD1607802142,Paytm QR,QR,Inactive,2023-12-09,2024-06-29,16,2026-12-09,2024-06-03 00:00:00.000000,3.0.0
134,MD9842401452,PhonePe QR,QR,Active,2024-06-19,2025-07-27,2,2026-06-19,2026-07-24 16:50:14.301733,2.0.1
204,MD1572759148,Bharat QR Stand,QR,Active,2021-10-24,2025-02-12,11,2024-10-24,2026-08-08 16:50:14.301740,1.2.3
155,MD6864663883,PhonePe QR,QR,Active,2024-01-26,,7,2025-01-26,2026-08-12 16:50:14.301747,1.2.3
140,MD9936030056,Ingenico AXIUM DX8000,POS,Active,2023-11-27,2025-05-03,18,2024-11-27,2026-08-09 16:50:14.301754,3.0.0
122,MD9400990407,Verifone V240m,POS,Active,2024-01-01,2024-09-08,3,2027-01-01,2026-07-25 16:50:14.301761,1.0.1
299,MD2976859916,Paytm Soundbox,SoundBox,Damaged,2023-02-21,,15,2025-02-21,2023-12-06 00:00:00.000000,1.0.1
85,MD7674928171,Pine Labs Soundbox,SoundBox,Active,2024-09-07,2025-09-19,7,2027-09-07,2026-07-22 16:50:14.301777,1.1.0
248,MD8404167821,PhonePe SmartSpeaker,SoundBox,Active,2025-11-22,2026-01-16,10,2028-11-22,2026-07-23 16:50:14.301784,2.0.1
281,MD1739884969,Paytm Soundbox,SoundBox,Active,2022-06-27,2025-12-15,8,2023-06-27,2026-07-21 16:50:14.301792,1.2.3
139,MD4804857075,BharatPe QR,QR,Active,2021-09-03,2024-09-15,8,2023-09-03,2026-08-01 16:50:14.301800,2.3.1
26,MD4271715755,Paytm Soundbox,SoundBox,Inactive,2023-11-15,,11,2025-11-15,2025-02-09 00:00:00.000000,1.2.3
40,MD7259075903,BharatPe QR,QR,Active,2022-04-01,2025-03-29,20,2025-04-01,2026-08-06 16:50:14.301820,1.2.3
14,MD8118279041,Paytm Soundbox,SoundBox,Active,2023-04-12,2024-01-10,10,2026-04-12,2026-07-22 16:50:14.301828,3.0.0
290,MD5977272517,PAX A920,POS,Active,2021-10-04,,19,2022-10-04,2026-07-25 16:50:14.301835,2.3.1
237,MD5914075022,PAX A920,POS,Active,2025-04-06,2026-06-18,20,2027-04-06,2026-08-09 16:50:14.301843,2.3.1
209,MD1377812435,Pine Labs Soundbox,SoundBox,Damaged,2026-02-16,2026-06-28,18,2028-02-16,2026-04-03 00:00:00.000000,1.0.1
264,MD8399456479,PhonePe SmartSpeaker,SoundBox,Active,2025-01-26,,15,2026-01-26,2026-07-26 16:50:14.301857,2.0.1
192,MD2208520966,BharatPe Soundbox,SoundBox,Active,2024-03-28,2025-02-25,5,2026-03-28,2026-08-03 16:50:14.301865,1.0.1
211,MD6382634697,PAX A920,POS,Active,2024-12-17,2026-07-29,20,2026-12-17,2026-07-28 16:50:14.301873,1.2.3
126,MD4017783748,Pine Labs QR,QR,Inactive,2021-06-08,2026-02-09,5,2024-06-08,2025-03-05 00:00:00.000000,3.0.0
238,MD1941889800,PhonePe SmartSpeaker,SoundBox,Active,2022-01-22,2024-05-01,10,2023-01-22,2026-08-11 16:50:14.301889,2.3.1
296,MD3087286716,PhonePe QR,QR,Active,2022-07-28,2024-06-23,19,2024-07-28,2026-08-10 16:50:14.301897,1.1.0
112,MD2345381917,Castles VEGA3000,POS,Active,2021-04-15,2021-12-19,8,2023-04-15,2026-07-21 16:50:14.301904,3.0.0
174,MD3663589395,PhonePe QR,QR,Active,2021-03-25,,2,2022-03-25,2026-07-29 16:50:14.301912,2.0.1
204,MD9144243966,Verifone mPOS,mPOS,Active,2024-02-16,2025-12-29,3,2027-02-16,2026-08-12 16:50:14.301920,2.1.0
164,MD2910170785,Castles VEGA3000,POS,Active,2023-03-08,,19,2024-03-08,2026-07-18 16:50:14.301927,2.1.0
148,MD8188317768,Pine Labs Soundbox,SoundBox,Damaged,2021-02-15,2021-04-11,16,2024-02-15,2021-10-17 00:00:00.000000,3.0.0
262,MD4209835596,Paytm QR,QR,Blocked,2022-05-16,2023-05-06,13,2023-05-16,2026-08-07 16:50:14.301942,1.2.3
262,MD6640098434,PhonePe SmartSpeaker,SoundBox,Under Maintenance,2023-12-01,2026-01-12,12,2024-12-01,2026-08-01 16:50:14.301950,3.0.0
244,MD4339390571,Paytm QR,QR,Under Maintenance,2024-02-15,2024-08-03,11,2027-02-15,2026-07-24 16:50:14.301957,1.0.1
249,MD4832713188,PAX A80,POS,Active,2026-05-01,,6,2028-05-01,2026-07-16 16:50:14.301965,2.1.0
27,MD7598376172,Castles VEGA3000,POS,Inactive,2022-07-04,2022-10-20,1,2025-07-04,2022-11-26 00:00:00.000000,1.2.3
248,MD5717126552,Paytm Soundbox,SoundBox,Active,2025-08-01,2026-02-13,7,2028-08-01,2026-07-23 16:50:14.301982,3.0.0
207,MD3047462324,PAX A920,POS,Active,2025-09-21,2026-04-13,6,2026-09-21,2026-08-02 16:50:14.301990,1.2.3
239,MD4088043700,Paytm Soundbox,SoundBox,Active,2025-12-22,2026-06-16,8,2026-12-22,2026-07-17 16:50:14.301997,1.1.0
298,MD6413991167,PAX A920,POS,Active,2021-05-28,2025-09-20,18,2023-05-28,2026-08-10 16:50:14.302005,1.0.1
151,MD6382935738,PAX A80,POS,Active,2023-12-08,,10,2026-12-08,2026-08-02 16:50:14.302012,1.1.0
91,MD8628477048,Paytm Soundbox,SoundBox,Lost,2026-02-03,2026-07-25,9,2027-02-03,2026-03-01 00:00:00.000000,2.0.1
140,MD1112358880,BharatPe Soundbox,SoundBox,Active,2021-12-19,,19,2024-12-19,2026-07-18 16:50:14.302026,2.1.0
214,MD5848152940,Castles VEGA3000,POS,Active,2026-03-28,2026-08-10,16,2027-03-28,2026-07-23 16:50:14.302034,1.2.3
110,MD9949137408,Ingenico AXIUM DX8000,POS,Active,2023-10-02,2023-11-08,19,2024-10-02,2026-08-03 16:50:14.302042,1.0.1
246,MD3094906793,Pine Labs Soundbox,SoundBox,Blocked,2024-09-18,2025-12-25,12,2026-09-18,2026-07-28 16:50:14.302050,3.0.0
124,MD1393954085,Paytm Soundbox,SoundBox,Active,2023-10-22,,4,2025-10-22,2026-08-05 16:50:14.302057,2.1.0
298,MD8255633141,PAX A80,POS,Active,2025-12-09,2026-01-27,12,2028-12-09,2026-08-05 16:50:14.302065,2.0.1
258,MD1492552726,Bharat QR Stand,QR,Active,2021-05-14,,14,2024-05-14,2026-08-03 16:50:14.302072,3.0.0
175,MD6101986880,PhonePe SmartSpeaker,SoundBox,Active,2024-11-18,2025-10-17,18,2027-11-18,2026-08-03 16:50:14.302080,1.2.3
208,MD8815898600,Bharat QR Stand,QR,Active,2025-05-24,2026-01-23,13,2028-05-24,2026-08-10 16:50:14.302088,2.0.1
261,MD2814876648,Ingenico AXIUM DX8000,POS,Active,2025-08-20,2026-02-03,3,2028-08-20,2026-08-14 16:50:14.302096,2.1.0
224,MD1198400311,Ingenico AXIUM DX8000,POS,Active,2025-03-12,2026-04-15,4,2028-03-12,2026-08-10 16:50:14.302103,1.0.1
92,MD3377385528,BharatPe Soundbox,SoundBox,Active,2022-08-24,2023-11-11,17,2025-08-24,2026-08-11 16:50:14.302110,1.2.3
65,MD8324231975,Pine Labs Soundbox,SoundBox,Active,2024-12-03,2026-04-17,2,2025-12-03,2026-08-11 16:50:14.302119,1.2.3
156,MD7702482145,Pine Labs QR,QR,Active,2025-07-31,2026-03-01,14,2026-07-31,2026-08-15 16:50:14.302126,3.0.0
236,MD2387478299,Paytm Soundbox,SoundBox,Under Maintenance,2023-09-24,2024-10-21,8,2025-09-24,2026-07-22 16:50:14.302134,2.1.0
200,MD5421254076,PAX A80,POS,Active,2024-11-30,2025-01-03,15,2026-11-30,2026-08-06 16:50:14.302142,3.0.0
147,MD5754466707,PhonePe SmartSpeaker,SoundBox,Active,2022-01-01,2023-03-06,14,2025-01-01,2026-08-06 16:50:14.302150,1.0.1
239,MD9891974083,Pine Labs QR,QR,Active,2023-09-19,2026-05-14,9,2024-09-19,2026-07-31 16:50:14.302159,1.2.3
122,MD1822242692,Ingenico AXIUM DX8000,POS,Active,2025-12-13,2026-05-29,11,2026-12-13,2026-08-06 16:50:14.302167,1.0.1
271,MD8390256028,PhonePe SmartSpeaker,SoundBox,Active,2022-10-30,2025-11-24,20,2023-10-30,2026-08-02 16:50:14.302175,1.0.1
252,MD4516567012,PhonePe QR,QR,Active,2026-01-18,2026-06-17,9,2029-01-18,2026-07-19 16:50:14.302182,2.1.0
11,MD6880574460,Castles VEGA3000,POS,Lost,2025-08-02,2026-07-09,14,2028-08-02,2025-12-31 00:00:00.000000,2.3.1
253,MD8827240183,BharatPe QR,QR,Active,2021-09-29,2022-09-03,5,2022-09-29,2026-08-12 16:50:14.302198,2.1.0
136,MD1241801350,PhonePe QR,QR,Damaged,2024-06-04,2026-03-18,6,2026-06-04,2025-06-16 00:00:00.000000,1.1.0
269,MD1385882399,Paytm Soundbox,SoundBox,Inactive,2023-12-01,2026-05-18,12,2026-12-01,2025-09-22 00:00:00.000000,2.1.0
167,MD6567305367,Verifone V240m,POS,Lost,2021-11-05,2026-08-07,9,2023-11-05,2022-04-21 00:00:00.000000,1.0.1
15,MD5476235934,BharatPe Soundbox,SoundBox,Active,2026-05-06,2026-06-11,3,2027-05-06,2026-08-07 16:50:14.302229,1.2.3
175,MD9873283593,PAX A920,POS,Active,2022-10-25,2026-05-06,2,2024-10-25,2026-07-17 16:50:14.302236,1.1.0
205,MD2853106950,Paytm QR,QR,Active,2025-07-10,2026-04-17,4,2026-07-10,2026-07-23 16:50:14.302243,2.0.1
280,MD9545706860,Paytm QR,QR,Active,2023-05-30,,11,2025-05-30,2026-07-17 16:50:14.302250,2.1.0
187,MD9960030783,Verifone V240m,POS,Active,2025-02-24,2025-12-20,11,2027-02-24,2026-07-27 16:50:14.302257,1.1.0
287,MD7338180326,Ingenico AXIUM DX8000,POS,Active,2025-02-21,2026-01-13,2,2026-02-21,2026-07-21 16:50:14.302267,3.0.0
245,MD8440471110,Bharat QR Stand,QR,Active,2025-03-31,2026-07-04,4,2027-03-31,2026-07-19 16:50:14.302276,1.1.0
59,MD4762351470,BharatPe Soundbox,SoundBox,Active,2024-12-07,2025-01-28,4,2027-12-07,2026-08-07 16:50:14.302284,1.2.3
261,MD5780747176,BharatPe QR,QR,Active,2022-10-13,,7,2023-10-13,2026-08-01 16:50:14.302291,1.0.1
209,MD9480200265,Pine Labs mPOS,mPOS,Active,2025-11-04,,3,2026-11-04,2026-07-18 16:50:14.302297,2.1.0
267,MD8730609416,PAX A80,POS,Active,2022-06-22,2024-05-01,18,2023-06-22,2026-07-27 16:50:14.302305,2.1.0
286,MD7519881755,PAX A80,POS,Active,2021-06-11,2025-01-04,11,2023-06-11,2026-08-12 16:50:14.302313,2.3.1
189,MD6770745005,Bharat QR Stand,QR,Active,2025-05-02,2026-06-09,8,2027-05-02,2026-08-01 16:50:14.302320,3.0.0
108,MD2930161932,Mswipe mPOS,mPOS,Under Maintenance,2021-12-14,,12,2024-12-14,2026-07-18 16:50:14.302326,2.1.0
13,MD1937055584,Verifone V240m,POS,Active,2023-02-18,,5,2026-02-18,2026-07-30 16:50:14.302333,1.1.0
290,MD1106121264,PhonePe SmartSpeaker,SoundBox,Active,2021-03-21,2021-07-30,6,2023-03-21,2026-08-05 16:50:14.302341,1.2.3
198,MD3682540918,Castles VEGA3000,POS,Active,2021-11-04,2024-04-03,11,2023-11-04,2026-08-09 16:50:14.302349,1.1.0
207,MD5002249261,PhonePe QR,QR,Active,2023-01-07,,19,2024-01-07,2026-08-07 16:50:14.302356,2.1.0
189,MD5333757893,PhonePe SmartSpeaker,SoundBox,Active,2024-11-03,2026-02-23,6,2025-11-03,2026-07-21 16:50:14.302364,1.1.0
3,MD8860141826,Pine Labs Soundbox,SoundBox,Active,2022-05-04,2024-07-01,6,2025-05-04,2026-08-14 16:50:14.302371,1.2.3
300,MD9216050941,Mswipe mPOS,mPOS,Under Maintenance,2024-06-25,2024-11-27,13,2027-06-25,2026-08-10 16:50:14.302379,1.2.3
62,MD4876979012,Verifone V240m,POS,Active,2025-05-16,2026-05-08,2,2028-05-16,2026-08-05 16:50:14.302386,1.1.0
162,MD3234426190,BharatPe Soundbox,SoundBox,Active,2024-09-23,2025-11-11,4,2026-09-23,2026-07-21 16:50:14.302394,1.2.3
209,MD5877144336,Paytm Soundbox,SoundBox,Active,2024-09-01,2025-06-16,2,2026-09-01,2026-08-04 16:50:14.302402,1.2.3
174,MD4039995080,Paytm QR,QR,Active,2025-03-22,2026-05-25,14,2027-03-22,2026-07-28 16:50:14.302409,2.0.1
158,MD9785266543,BharatPe Soundbox,SoundBox,Active,2026-01-14,2026-06-22,13,2029-01-14,2026-07-22 16:50:14.302417,1.2.3
183,MD9965601349,PAX A80,POS,Active,2022-06-04,2024-07-12,13,2024-06-04,2026-08-08 16:50:14.302426,2.0.1
221,MD2755757063,PhonePe SmartSpeaker,SoundBox,Active,2022-03-29,2025-02-23,7,2025-03-29,2026-07-22 16:50:14.302433,2.3.1
152,MD3875778743,Ingenico AXIUM DX8000,POS,Active,2022-04-13,2026-03-15,20,2023-04-13,2026-08-02 16:50:14.302440,2.1.0
276,MD1215163140,BharatPe QR,QR,Inactive,2022-04-29,2022-12-19,4,2025-04-29,2023-04-10 00:00:00.000000,1.2.3
86,MD9498195523,PhonePe QR,QR,Active,2024-06-27,2024-12-19,11,2027-06-27,2026-07-30 16:50:14.302456,1.2.3
71,MD2673897789,BharatPe QR,QR,Active,2023-07-05,,5,2025-07-05,2026-08-08 16:50:14.302464,2.0.1
4,MD7117558758,Verifone V240m,POS,Under Maintenance,2021-06-01,,6,2023-06-01,2026-07-23 16:50:14.302470,1.1.0
3,MD5115478878,Pine Labs QR,QR,Active,2025-04-19,2025-11-29,5,2028-04-19,2026-08-08 16:50:14.302478,2.0.1
145,MD5618001511,Bharat QR Stand,QR,Damaged,2026-02-11,2026-06-27,2,2028-02-11,2026-03-19 00:00:00.000000,1.1.0
103,MD4257863361,Bharat QR Stand,QR,Active,2025-03-10,2026-03-16,19,2027-03-10,2026-07-31 16:50:14.302494,1.0.1
156,MD9844461930,PhonePe QR,QR,Active,2023-10-23,2024-05-21,1,2024-10-23,2026-08-06 16:50:14.302502,2.3.1
261,MD8736061308,Paytm QR,QR,Active,2022-01-23,2026-05-13,20,2025-01-23,2026-08-13 16:50:14.302510,1.0.1
292,MD6890217212,PAX A80,POS,Active,2026-01-03,2026-07-20,11,2029-01-03,2026-07-21 16:50:14.302518,1.2.3
246,MD1214627785,Mswipe mPOS,mPOS,Inactive,2025-12-29,2026-03-08,17,2026-12-29,2026-05-30 00:00:00.000000,1.0.1
275,MD1641207229,PAX A80,POS,Active,2023-12-25,,2,2025-12-25,2026-08-15 16:50:14.302532,2.1.0
1,MD6671980636,Paytm QR,QR,Active,2023-11-24,2025-05-01,15,2025-11-24,2026-08-09 16:50:14.302539,1.2.3
3,MD2138461094,Castles VEGA3000,POS,Active,2025-09-08,2025-10-08,13,2027-09-08,2026-08-05 16:50:14.302547,1.0.1
185,MD1112486370,Pine Labs Soundbox,SoundBox,Active,2021-09-27,2026-05-01,4,2024-09-27,2026-08-15 16:50:14.302554,1.0.1
75,MD6017145787,PAX A80,POS,Active,2025-10-14,,13,2027-10-14,2026-08-06 16:50:14.302561,1.0.1
20,MD2936747928,Castles VEGA3000,POS,Active,2025-09-28,,10,2027-09-28,2026-07-30 16:50:14.302568,2.3.1
88,MD5069969554,Castles VEGA3000,POS,Active,2023-09-18,2024-01-10,7,2025-09-18,2026-08-13 16:50:14.302576,2.0.1
245,MD9773630228,Verifone V240m,POS,Active,2023-12-25,,9,2026-12-25,2026-07-19 16:50:14.302582,1.0.1
145,MD6458050086,Paytm QR,QR,Inactive,2021-11-05,2026-04-17,16,2023-11-05,2023-10-14 00:00:00.000000,2.3.1
153,MD9861665368,Ingenico AXIUM DX8000,POS,Active,2021-05-14,,12,2022-05-14,2026-08-14 16:50:14.302597,2.0.1
182,MD8369600450,Paytm QR,QR,Active,2026-03-04,2026-06-09,1,2028-03-04,2026-07-28 16:50:14.302604,2.1.0
120,MD5230505621,Paytm Soundbox,SoundBox,Active,2021-09-21,2024-11-11,4,2022-09-21,2026-07-17 16:50:14.302612,2.3.1
245,MD2765386964,Castles VEGA3000,POS,Active,2021-05-01,,14,2024-05-01,2026-07-29 16:50:14.302618,3.0.0
124,MD6988850094,Ingenico AXIUM DX8000,POS,Active,2025-06-07,2026-04-30,11,2028-06-07,2026-07-24 16:50:14.302625,2.0.1
11,MD8522562013,Verifone V240m,POS,Active,2023-02-11,,20,2026-02-11,2026-07-24 16:50:14.302633,1.2.3
31,MD6163657682,Paytm Soundbox,SoundBox,Active,2026-05-04,2026-06-20,2,2027-05-04,2026-07-23 16:50:14.302641,1.1.0
59,MD6967773243,Verifone V240m,POS,Damaged,2023-03-10,2025-06-13,18,2025-03-10,2025-09-11 00:00:00.000000,2.1.0
57,MD7672616945,Paytm Soundbox,SoundBox,Active,2022-01-19,2022-06-21,14,2024-01-19,2026-08-07 16:50:14.302657,2.0.1
279,MD5881289790,Verifone V240m,POS,Active,2021-06-22,2023-09-05,8,2022-06-22,2026-08-15 16:50:14.302664,3.0.0
10,MD8907505852,Pine Labs mPOS,mPOS,Blocked,2025-09-01,2026-05-12,16,2028-09-01,2026-08-01 16:50:14.302672,2.0.1
161,MD3190888564,Castles VEGA3000,POS,Active,2023-09-05,2025-03-29,12,2025-09-05,2026-08-15 16:50:14.302679,1.2.3
108,MD7708287995,Bharat QR Stand,QR,Active,2025-07-01,2026-02-20,19,2027-07-01,2026-07-21 16:50:14.302687,2.1.0
2,MD7594361931,Paytm Soundbox,SoundBox,Active,2021-07-28,,8,2023-07-28,2026-07-21 16:50:14.302693,2.3.1
206,MD9200322995,Verifone mPOS,mPOS,Under Maintenance,2022-04-16,2025-12-21,11,2025-04-16,2026-07-18 16:50:14.302700,2.0.1
72,MD1725422344,Verifone V240m,POS,Active,2025-06-14,2026-06-27,6,2028-06-14,2026-07-24 16:50:14.302708,2.0.1
176,MD9988662033,PAX A80,POS,Damaged,2021-06-16,2024-08-10,17,2023-06-16,2023-08-21 00:00:00.000000,2.0.1
106,MD6893751210,Bharat QR Stand,QR,Active,2023-05-06,2024-04-15,17,2024-05-06,2026-08-11 16:50:14.302725,1.0.1
250,MD9111708932,Pine Labs QR,QR,Inactive,2021-06-29,,15,2022-06-29,2025-09-16 00:00:00.000000,2.1.0
121,MD9955920339,PhonePe QR,QR,Under Maintenance,2021-09-04,2022-02-27,15,2024-09-04,2026-07-25 16:50:14.302739,1.1.0
146,MD7563639908,Mswipe mPOS,mPOS,Damaged,2023-03-13,2023-12-16,10,2025-03-13,2026-05-16 00:00:00.000000,3.0.0
53,MD3956165213,Bharat QR Stand,QR,Active,2022-04-27,2023-02-06,11,2025-04-27,2026-07-27 16:50:14.302754,1.0.1
103,MD5972010433,BharatPe QR,QR,Active,2022-10-23,2025-12-25,11,2025-10-23,2026-07-18 16:50:14.302761,2.0.1
64,MD3365373042,Castles VEGA3000,POS,Lost,2024-08-11,,3,2026-08-11,2025-10-01 00:00:00.000000,3.0.0
51,MD2129288746,PAX D180,mPOS,Active,2024-02-04,,10,2026-02-04,2026-07-18 16:50:14.302774,2.3.1
283,MD9753138378,Pine Labs QR,QR,Active,2023-01-13,2023-10-20,19,2024-01-13,2026-07-29 16:50:14.302785,2.3.1
103,MD3698371453,Pine Labs QR,QR,Active,2025-12-05,2026-01-15,12,2026-12-05,2026-08-12 16:50:14.302792,1.2.3
207,MD6677497604,Paytm QR,QR,Damaged,2024-09-03,,17,2027-09-03,2024-10-27 00:00:00.000000,1.2.3
213,MD1025807107,Castles VEGA3000,POS,Active,2024-03-19,,9,2026-03-19,2026-07-30 16:50:14.302806,2.3.1
98,MD3808137287,Castles VEGA3000,POS,Active,2026-03-12,,8,2028-03-12,2026-07-20 16:50:14.302813,1.0.1
163,MD1863930643,BharatPe QR,QR,Active,2025-06-15,2025-12-07,17,2028-06-15,2026-07-18 16:50:14.302820,3.0.0
6,MD6936386214,PAX A920,POS,Active,2023-11-01,2024-04-14,9,2025-11-01,2026-07-19 16:50:14.302827,2.3.1
150,MD7504591461,PAX A920,POS,Damaged,2026-03-01,2026-04-05,9,2028-03-01,2026-04-16 00:00:00.000000,1.2.3
9,MD7510924325,Ingenico AXIUM DX8000,POS,Active,2025-11-01,2026-01-29,12,2028-11-01,2026-08-08 16:50:14.302842,2.3.1
267,MD4112009632,PhonePe QR,QR,Active,2022-07-13,2025-04-17,12,2023-07-13,2026-08-03 16:50:14.302850,1.1.0
29,MD4625808803,PAX A80,POS,Active,2024-02-28,2025-08-08,9,2025-02-28,2026-07-16 16:50:14.302858,1.2.3
180,MD1421927691,PAX A80,POS,Inactive,2021-02-15,2021-04-04,13,2024-02-15,2022-11-10 00:00:00.000000,1.0.1
222,MD4731594815,BharatPe QR,QR,Active,2026-05-21,2026-07-29,1,2027-05-21,2026-08-15 16:50:14.302874,2.1.0
56,MD1719439408,Pine Labs Soundbox,SoundBox,Active,2023-04-09,2024-05-24,6,2026-04-09,2026-08-11 16:50:14.302882,1.1.0
3,MD3979914356,PAX A920,POS,Active,2025-12-14,2026-04-18,11,2028-12-14,2026-07-29 16:50:14.302889,1.2.3
88,MD6945250884,PAX D180,mPOS,Blocked,2021-08-18,2025-10-23,5,2022-08-18,2026-07-24 16:50:14.302897,1.1.0
272,MD8401259901,Pine Labs QR,QR,Blocked,2022-08-04,2022-10-21,2,2024-08-04,2026-07-27 16:50:14.302904,1.2.3
154,MD3040209879,Verifone V240m,POS,Blocked,2021-02-14,2026-03-23,1,2022-02-14,2026-08-09 16:50:14.302912,2.0.1
250,MD3453122802,PhonePe SmartSpeaker,SoundBox,Active,2022-10-29,2024-11-12,7,2025-10-29,2026-07-28 16:50:14.302919,2.0.1
183,MD7889740630,Pine Labs Soundbox,SoundBox,Active,2024-12-07,2025-05-05,3,2025-12-07,2026-08-03 16:50:14.302928,2.1.0
118,MD3352662944,Ingenico AXIUM DX8000,POS,Active,2026-05-28,2026-08-13,18,2028-05-28,2026-08-07 16:50:14.302935,2.1.0
229,MD9894580869,Verifone mPOS,mPOS,Active,2024-09-10,2024-10-24,9,2026-09-10,2026-08-05 16:50:14.302943,2.3.1
159,MD6360658747,PhonePe SmartSpeaker,SoundBox,Active,2024-12-03,2025-01-31,11,2025-12-03,2026-07-30 16:50:14.302956,1.2.3
43,MD3576605482,Castles VEGA3000,POS,Active,2024-10-17,2025-06-15,4,2026-10-17,2026-07-26 16:50:14.302965,2.1.0
186,MD1802534062,Verifone V240m,POS,Active,2025-08-11,2025-10-16,5,2026-08-11,2026-08-13 16:50:14.302972,1.0.1
85,MD4710924184,Bharat QR Stand,QR,Active,2021-11-11,2022-09-26,17,2023-11-11,2026-08-02 16:50:14.302980,1.1.0
295,MD2460846967,PAX A920,POS,Active,2024-05-05,2026-07-15,6,2025-05-05,2026-08-05 16:50:14.302987,1.2.3
278,MD9224977289,BharatPe Soundbox,SoundBox,Active,2021-04-07,,20,2023-04-07,2026-07-26 16:50:14.302993,1.0.1
76,MD9530648637,PAX A80,POS,Active,2023-03-29,2023-06-08,5,2024-03-29,2026-08-02 16:50:14.303001,1.0.1
67,MD9425936554,Verifone V240m,POS,Active,2024-07-05,2026-05-26,19,2025-07-05,2026-08-08 16:50:14.303008,1.1.0
51,MD6324676236,Verifone V240m,POS,Active,2021-11-05,2023-07-29,14,2023-11-05,2026-07-26 16:50:14.303015,1.0.1
261,MD1753235456,PAX D180,mPOS,Active,2025-09-11,,15,2028-09-11,2026-07-21 16:50:14.303022,3.0.0
75,MD4324755677,PhonePe SmartSpeaker,SoundBox,Under Maintenance,2022-10-29,2025-02-19,6,2025-10-29,2026-07-25 16:50:14.303030,2.3.1
124,MD6591389638,Pine Labs mPOS,mPOS,Active,2022-09-08,2024-02-27,17,2025-09-08,2026-07-19 16:50:14.303037,2.1.0
180,MD3877768063,Ingenico AXIUM DX8000,POS,Active,2024-10-30,2025-01-04,19,2026-10-30,2026-07-19 16:50:14.303044,2.0.1
271,MD2422805792,Castles VEGA3000,POS,Blocked,2023-06-09,2024-02-08,20,2025-06-09,2026-07-29 16:50:14.303051,1.1.0
133,MD1261127675,PAX A80,POS,Active,2022-05-17,2023-09-02,16,2024-05-17,2026-07-22 16:50:14.303059,1.1.0
123,MD8422948903,Castles VEGA3000,POS,Active,2023-10-23,2024-09-29,16,2025-10-23,2026-08-15 16:50:14.303066,1.2.3
235,MD2377601868,Verifone mPOS,mPOS,Active,2023-07-25,2026-06-18,2,2026-07-25,2026-08-11 16:50:14.303073,3.0.0
4,MD4124648870,PAX A920,POS,Inactive,2025-07-27,2025-11-10,10,2028-07-27,2025-11-30 00:00:00.000000,1.0.1
64,MD1711823290,Bharat QR Stand,QR,Lost,2025-10-11,2026-06-05,9,2026-10-11,2026-06-29 00:00:00.000000,2.1.0
157,MD3269785047,PAX A920,POS,Under Maintenance,2024-01-05,2024-07-05,2,2027-01-05,2026-07-22 16:50:14.303095,1.0.1
94,MD8468232693,PhonePe QR,QR,Blocked,2022-11-06,2025-11-12,17,2025-11-06,2026-07-18 16:50:14.303103,1.0.1
258,MD9353059394,Paytm QR,QR,Active,2021-07-29,2024-01-29,16,2024-07-29,2026-07-19 16:50:14.303111,2.3.1
78,MD9859966349,Verifone V240m,POS,Active,2025-08-09,2026-05-15,13,2026-08-09,2026-08-09 16:50:14.303120,1.0.1
49,MD4950964116,PAX A920,POS,Active,2023-09-07,2026-05-13,1,2026-09-07,2026-08-09 16:50:14.303127,2.1.0
295,MD7517828337,PhonePe QR,QR,Active,2022-07-11,2023-03-09,6,2024-07-11,2026-07-20 16:50:14.303135,3.0.0
99,MD5887395604,Bharat QR Stand,QR,Active,2024-01-17,2025-09-03,17,2026-01-17,2026-08-12 16:50:14.303142,1.1.0
149,MD6852231048,PhonePe SmartSpeaker,SoundBox,Active,2025-01-26,2025-11-02,5,2027-01-26,2026-08-02 16:50:14.303150,2.0.1
184,MD3612913550,Paytm Soundbox,SoundBox,Under Maintenance,2023-03-03,2024-06-13,15,2024-03-03,2026-08-12 16:50:14.303157,1.2.3
200,MD7203163575,BharatPe QR,QR,Under Maintenance,2022-12-23,2025-06-03,3,2025-12-23,2026-07-20 16:50:14.303164,1.0.1
228,MD8626363174,Bharat QR Stand,QR,Active,2023-08-31,2025-05-03,3,2025-08-31,2026-08-03 16:50:14.303172,2.1.0
81,MD5109919947,Mswipe mPOS,mPOS,Active,2024-07-08,2024-10-31,15,2025-07-08,2026-08-14 16:50:14.303180,2.3.1
98,MD1221459074,Castles VEGA3000,POS,Active,2024-01-02,,12,2027-01-02,2026-08-08 16:50:14.303186,1.0.1
117,MD4359356686,Ingenico AXIUM DX8000,POS,Active,2026-02-24,2026-07-23,20,2028-02-24,2026-08-12 16:50:14.303194,2.3.1
154,MD6187946865,PhonePe QR,QR,Active,2024-01-11,2025-06-04,11,2026-01-11,2026-08-14 16:50:14.303201,1.0.1
58,MD8105998512,Verifone mPOS,mPOS,Active,2023-11-07,,18,2024-11-07,2026-08-07 16:50:14.303208,1.2.3
255,MD1095203155,Pine Labs mPOS,mPOS,Active,2021-03-18,2024-06-24,8,2022-03-18,2026-08-04 16:50:14.303215,2.0.1
